dealer_id,sku,quantity_on_hand,floorplan_interest_rate
DLR_01,PRT_0001,17,0.103
DLR_01,PRT_0002,25,0.115
DLR_01,PRT_0003,7,0.084
DLR_01,PRT_0004,14,0.083
DLR_01,PRT_0005,18,0.102
DLR_01,PRT_0006,14,0.104
DLR_01,PRT_0007,29,0.119
DLR_01,PRT_0008,25,0.093
DLR_01,PRT_0009,25,0.088
DLR_01,PRT_0010,23,0.095
DLR_01,PRT_0011,19,0.114
DLR_01,PRT_0012,18,0.118
DLR_01,PRT_0013,21,0.088
DLR_01,PRT_0014,42,0.112
DLR_01,PRT_0015,31,0.081
DLR_01,PRT_0016,18,0.087
DLR_01,PRT_0017,45,0.116
DLR_01,PRT_0018,21,0.1
DLR_01,PRT_0019,49,0.091
DLR_01,PRT_0020,29,0.111
DLR_01,PRT_0021,22,0.082
DLR_01,PRT_0022,13,0.102
DLR_01,PRT_0023,21,0.081
DLR_01,PRT_0024,41,0.082
DLR_01,PRT_0025,48,0.094
DLR_01,PRT_0026,41,0.083
DLR_01,PRT_0027,35,0.097
DLR_01,PRT_0028,39,0.103
DLR_01,PRT_0029,19,0.085
DLR_01,PRT_0030,13,0.118
DLR_01,PRT_0031,17,0.104
DLR_01,PRT_0032,20,0.108
DLR_01,PRT_0033,21,0.081
DLR_01,PRT_0034,7,0.11
DLR_01,PRT_0035,45,0.112
DLR_01,PRT_0036,18,0.115
DLR_01,PRT_0037,10,0.116
DLR_01,PRT_0038,12,0.099
DLR_01,PRT_0039,9,0.089
DLR_01,PRT_0040,11,0.106
DLR_01,PRT_0041,12,0.085
DLR_01,PRT_0042,31,0.101
DLR_01,PRT_0043,9,0.117
DLR_01,PRT_0044,48,0.118
DLR_01,PRT_0045,14,0.106
DLR_01,PRT_0046,18,0.09
DLR_01,PRT_0047,23,0.108
DLR_01,PRT_0048,37,0.105
DLR_01,PRT_0049,34,0.116
DLR_01,PRT_0050,17,0.099
DLR_01,PRT_0051,50,0.08
DLR_01,PRT_0052,8,0.101
DLR_01,PRT_0053,31,0.099
DLR_01,PRT_0054,49,0.113
DLR_01,PRT_0055,7,0.119
DLR_01,PRT_0056,6,0.094
DLR_01,PRT_0057,30,0.115
DLR_01,PRT_0058,17,0.111
DLR_01,PRT_0059,42,0.093
DLR_01,PRT_0060,49,0.1
DLR_01,PRT_0061,50,0.109
DLR_01,PRT_0062,43,0.108
DLR_01,PRT_0063,33,0.111
DLR_01,PRT_0064,26,0.111
DLR_01,PRT_0065,26,0.112
DLR_01,PRT_0066,11,0.081
DLR_01,PRT_0067,45,0.095
DLR_01,PRT_0068,50,0.11
DLR_01,PRT_0069,6,0.091
DLR_01,PRT_0070,44,0.118
DLR_01,PRT_0071,6,0.1
DLR_01,PRT_0072,7,0.115
DLR_01,PRT_0073,21,0.108
DLR_01,PRT_0074,49,0.1
DLR_01,PRT_0075,24,0.111
DLR_01,PRT_0076,14,0.111
DLR_01,PRT_0077,44,0.086
DLR_01,PRT_0078,32,0.096
DLR_01,PRT_0079,19,0.108
DLR_01,PRT_0080,19,0.116
DLR_01,PRT_0081,28,0.083
DLR_01,PRT_0082,43,0.089
DLR_01,PRT_0083,19,0.081
DLR_01,PRT_0084,48,0.095
DLR_01,PRT_0085,9,0.102
DLR_01,PRT_0086,40,0.118
DLR_01,PRT_0087,17,0.102
DLR_01,PRT_0088,17,0.108
DLR_01,PRT_0089,49,0.09
DLR_01,PRT_0090,30,0.106
DLR_01,PRT_0091,20,0.089
DLR_01,PRT_0092,34,0.1
DLR_01,PRT_0093,37,0.084
DLR_01,PRT_0094,12,0.114
DLR_01,PRT_0095,23,0.098
DLR_01,PRT_0096,42,0.116
DLR_01,PRT_0097,22,0.116
DLR_01,PRT_0098,28,0.096
DLR_01,PRT_0099,9,0.101
DLR_01,PRT_0100,14,0.109
DLR_02,PRT_0001,14,0.095
DLR_02,PRT_0002,40,0.111
DLR_02,PRT_0003,8,0.082
DLR_02,PRT_0004,11,0.088
DLR_02,PRT_0005,16,0.11
DLR_02,PRT_0006,19,0.096
DLR_02,PRT_0007,31,0.085
DLR_02,PRT_0008,44,0.115
DLR_02,PRT_0009,40,0.104
DLR_02,PRT_0010,45,0.102
DLR_02,PRT_0011,16,0.085
DLR_02,PRT_0012,6,0.102
DLR_02,PRT_0013,47,0.111
DLR_02,PRT_0014,49,0.117
DLR_02,PRT_0015,6,0.086
DLR_02,PRT_0016,37,0.089
DLR_02,PRT_0017,42,0.097
DLR_02,PRT_0018,49,0.112
DLR_02,PRT_0019,47,0.086
DLR_02,PRT_0020,44,0.091
DLR_02,PRT_0021,43,0.107
DLR_02,PRT_0022,26,0.09
DLR_02,PRT_0023,26,0.11
DLR_02,PRT_0024,50,0.109
DLR_02,PRT_0025,16,0.083
DLR_02,PRT_0026,44,0.098
DLR_02,PRT_0027,41,0.102
DLR_02,PRT_0028,32,0.107
DLR_02,PRT_0029,29,0.115
DLR_02,PRT_0030,46,0.089
DLR_02,PRT_0031,26,0.117
DLR_02,PRT_0032,27,0.117
DLR_02,PRT_0033,24,0.111
DLR_02,PRT_0034,49,0.116
DLR_02,PRT_0035,15,0.088
DLR_02,PRT_0036,5,0.117
DLR_02,PRT_0037,29,0.091
DLR_02,PRT_0038,24,0.094
DLR_02,PRT_0039,6,0.117
DLR_02,PRT_0040,13,0.084
DLR_02,PRT_0041,8,0.09
DLR_02,PRT_0042,41,0.104
DLR_02,PRT_0043,25,0.105
DLR_02,PRT_0044,30,0.116
DLR_02,PRT_0045,20,0.1
DLR_02,PRT_0046,13,0.104
DLR_02,PRT_0047,13,0.094
DLR_02,PRT_0048,21,0.108
DLR_02,PRT_0049,35,0.101
DLR_02,PRT_0050,41,0.088
DLR_02,PRT_0051,5,0.101
DLR_02,PRT_0052,36,0.087
DLR_02,PRT_0053,28,0.09
DLR_02,PRT_0054,39,0.091
DLR_02,PRT_0055,43,0.081
DLR_02,PRT_0056,41,0.113
DLR_02,PRT_0057,28,0.115
DLR_02,PRT_0058,23,0.102
DLR_02,PRT_0059,31,0.088
DLR_02,PRT_0060,32,0.081
DLR_02,PRT_0061,35,0.098
DLR_02,PRT_0062,40,0.101
DLR_02,PRT_0063,39,0.106
DLR_02,PRT_0064,10,0.107
DLR_02,PRT_0065,36,0.084
DLR_02,PRT_0066,36,0.083
DLR_02,PRT_0067,33,0.091
DLR_02,PRT_0068,49,0.109
DLR_02,PRT_0069,19,0.109
DLR_02,PRT_0070,42,0.103
DLR_02,PRT_0071,50,0.105
DLR_02,PRT_0072,28,0.094
DLR_02,PRT_0073,50,0.1
DLR_02,PRT_0074,40,0.092
DLR_02,PRT_0075,26,0.116
DLR_02,PRT_0076,42,0.117
DLR_02,PRT_0077,38,0.082
DLR_02,PRT_0078,14,0.092
DLR_02,PRT_0079,41,0.111
DLR_02,PRT_0080,6,0.119
DLR_02,PRT_0081,11,0.109
DLR_02,PRT_0082,16,0.091
DLR_02,PRT_0083,38,0.101
DLR_02,PRT_0084,21,0.102
DLR_02,PRT_0085,36,0.119
DLR_02,PRT_0086,35,0.084
DLR_02,PRT_0087,46,0.111
DLR_02,PRT_0088,17,0.087
DLR_02,PRT_0089,6,0.1
DLR_02,PRT_0090,50,0.105
DLR_02,PRT_0091,18,0.106
DLR_02,PRT_0092,47,0.1
DLR_02,PRT_0093,37,0.099
DLR_02,PRT_0094,27,0.099
DLR_02,PRT_0095,30,0.091
DLR_02,PRT_0096,12,0.082
DLR_02,PRT_0097,24,0.089
DLR_02,PRT_0098,22,0.099
DLR_02,PRT_0099,11,0.092
DLR_02,PRT_0100,50,0.113
DLR_03,PRT_0001,15,0.111
DLR_03,PRT_0002,48,0.1
DLR_03,PRT_0003,36,0.083
DLR_03,PRT_0004,33,0.1
DLR_03,PRT_0005,8,0.114
DLR_03,PRT_0006,39,0.115
DLR_03,PRT_0007,7,0.114
DLR_03,PRT_0008,25,0.082
DLR_03,PRT_0009,48,0.095
DLR_03,PRT_0010,36,0.114
DLR_03,PRT_0011,48,0.111
DLR_03,PRT_0012,49,0.098
DLR_03,PRT_0013,12,0.085
DLR_03,PRT_0014,32,0.119
DLR_03,PRT_0015,32,0.083
DLR_03,PRT_0016,31,0.099
DLR_03,PRT_0017,28,0.103
DLR_03,PRT_0018,30,0.118
DLR_03,PRT_0019,47,0.111
DLR_03,PRT_0020,12,0.089
DLR_03,PRT_0021,20,0.111
DLR_03,PRT_0022,33,0.094
DLR_03,PRT_0023,24,0.086
DLR_03,PRT_0024,46,0.114
DLR_03,PRT_0025,50,0.102
DLR_03,PRT_0026,11,0.108
DLR_03,PRT_0027,44,0.095
DLR_03,PRT_0028,22,0.119
DLR_03,PRT_0029,46,0.093
DLR_03,PRT_0030,23,0.107
DLR_03,PRT_0031,18,0.081
DLR_03,PRT_0032,32,0.112
DLR_03,PRT_0033,41,0.109
DLR_03,PRT_0034,12,0.117
DLR_03,PRT_0035,5,0.089
DLR_03,PRT_0036,35,0.103
DLR_03,PRT_0037,49,0.119
DLR_03,PRT_0038,33,0.111
DLR_03,PRT_0039,19,0.088
DLR_03,PRT_0040,40,0.116
DLR_03,PRT_0041,36,0.102
DLR_03,PRT_0042,35,0.116
DLR_03,PRT_0043,29,0.102
DLR_03,PRT_0044,49,0.103
DLR_03,PRT_0045,25,0.093
DLR_03,PRT_0046,50,0.092
DLR_03,PRT_0047,31,0.113
DLR_03,PRT_0048,31,0.104
DLR_03,PRT_0049,16,0.09
DLR_03,PRT_0050,44,0.112
DLR_03,PRT_0051,14,0.084
DLR_03,PRT_0052,41,0.081
DLR_03,PRT_0053,31,0.087
DLR_03,PRT_0054,46,0.11
DLR_03,PRT_0055,20,0.112
DLR_03,PRT_0056,37,0.083
DLR_03,PRT_0057,39,0.111
DLR_03,PRT_0058,21,0.103
DLR_03,PRT_0059,6,0.115
DLR_03,PRT_0060,33,0.115
DLR_03,PRT_0061,15,0.102
DLR_03,PRT_0062,46,0.119
DLR_03,PRT_0063,42,0.117
DLR_03,PRT_0064,11,0.083
DLR_03,PRT_0065,11,0.11
DLR_03,PRT_0066,46,0.104
DLR_03,PRT_0067,50,0.101
DLR_03,PRT_0068,49,0.089
DLR_03,PRT_0069,12,0.082
DLR_03,PRT_0070,24,0.109
DLR_03,PRT_0071,31,0.107
DLR_03,PRT_0072,43,0.113
DLR_03,PRT_0073,45,0.113
DLR_03,PRT_0074,48,0.104
DLR_03,PRT_0075,28,0.11
DLR_03,PRT_0076,25,0.1
DLR_03,PRT_0077,23,0.114
DLR_03,PRT_0078,50,0.082
DLR_03,PRT_0079,35,0.09
DLR_03,PRT_0080,13,0.118
DLR_03,PRT_0081,39,0.092
DLR_03,PRT_0082,16,0.083
DLR_03,PRT_0083,9,0.093
DLR_03,PRT_0084,34,0.116
DLR_03,PRT_0085,15,0.103
DLR_03,PRT_0086,13,0.11
DLR_03,PRT_0087,40,0.113
DLR_03,PRT_0088,29,0.113
DLR_03,PRT_0089,49,0.096
DLR_03,PRT_0090,12,0.099
DLR_03,PRT_0091,43,0.108
DLR_03,PRT_0092,38,0.081
DLR_03,PRT_0093,14,0.087
DLR_03,PRT_0094,36,0.085
DLR_03,PRT_0095,32,0.118
DLR_03,PRT_0096,12,0.089
DLR_03,PRT_0097,47,0.117
DLR_03,PRT_0098,7,0.105
DLR_03,PRT_0099,32,0.09
DLR_03,PRT_0100,12,0.12
DLR_04,PRT_0001,11,0.093
DLR_04,PRT_0002,10,0.092
DLR_04,PRT_0003,21,0.081
DLR_04,PRT_0004,16,0.118
DLR_04,PRT_0005,31,0.112
DLR_04,PRT_0006,45,0.085
DLR_04,PRT_0007,47,0.118
DLR_04,PRT_0008,42,0.089
DLR_04,PRT_0009,49,0.093
DLR_04,PRT_0010,9,0.107
DLR_04,PRT_0011,12,0.09
DLR_04,PRT_0012,35,0.114
DLR_04,PRT_0013,28,0.105
DLR_04,PRT_0014,20,0.106
DLR_04,PRT_0015,29,0.113
DLR_04,PRT_0016,26,0.112
DLR_04,PRT_0017,7,0.114
DLR_04,PRT_0018,39,0.083
DLR_04,PRT_0019,38,0.082
DLR_04,PRT_0020,22,0.087
DLR_04,PRT_0021,25,0.106
DLR_04,PRT_0022,27,0.101
DLR_04,PRT_0023,39,0.104
DLR_04,PRT_0024,48,0.112
DLR_04,PRT_0025,31,0.111
DLR_04,PRT_0026,14,0.115
DLR_04,PRT_0027,9,0.112
DLR_04,PRT_0028,15,0.081
DLR_04,PRT_0029,6,0.087
DLR_04,PRT_0030,41,0.091
DLR_04,PRT_0031,36,0.1
DLR_04,PRT_0032,25,0.085
DLR_04,PRT_0033,16,0.095
DLR_04,PRT_0034,18,0.108
DLR_04,PRT_0035,35,0.084
DLR_04,PRT_0036,31,0.102
DLR_04,PRT_0037,9,0.119
DLR_04,PRT_0038,43,0.081
DLR_04,PRT_0039,29,0.081
DLR_04,PRT_0040,14,0.116
DLR_04,PRT_0041,26,0.092
DLR_04,PRT_0042,31,0.084
DLR_04,PRT_0043,46,0.086
DLR_04,PRT_0044,19,0.08
DLR_04,PRT_0045,14,0.087
DLR_04,PRT_0046,42,0.081
DLR_04,PRT_0047,40,0.081
DLR_04,PRT_0048,39,0.087
DLR_04,PRT_0049,17,0.107
DLR_04,PRT_0050,20,0.114
DLR_04,PRT_0051,6,0.098
DLR_04,PRT_0052,46,0.104
DLR_04,PRT_0053,8,0.107
DLR_04,PRT_0054,38,0.107
DLR_04,PRT_0055,21,0.092
DLR_04,PRT_0056,38,0.098
DLR_04,PRT_0057,39,0.099
DLR_04,PRT_0058,15,0.084
DLR_04,PRT_0059,5,0.109
DLR_04,PRT_0060,29,0.091
DLR_04,PRT_0061,21,0.116
DLR_04,PRT_0062,29,0.12
DLR_04,PRT_0063,37,0.111
DLR_04,PRT_0064,6,0.107
DLR_04,PRT_0065,16,0.113
DLR_04,PRT_0066,47,0.114
DLR_04,PRT_0067,39,0.114
DLR_04,PRT_0068,6,0.094
DLR_04,PRT_0069,35,0.117
DLR_04,PRT_0070,21,0.119
DLR_04,PRT_0071,47,0.08
DLR_04,PRT_0072,32,0.12
DLR_04,PRT_0073,37,0.116
DLR_04,PRT_0074,47,0.094
DLR_04,PRT_0075,46,0.089
DLR_04,PRT_0076,16,0.109
DLR_04,PRT_0077,43,0.087
DLR_04,PRT_0078,30,0.094
DLR_04,PRT_0079,44,0.117
DLR_04,PRT_0080,32,0.105
DLR_04,PRT_0081,21,0.111
DLR_04,PRT_0082,14,0.117
DLR_04,PRT_0083,6,0.119
DLR_04,PRT_0084,46,0.082
DLR_04,PRT_0085,47,0.103
DLR_04,PRT_0086,25,0.082
DLR_04,PRT_0087,22,0.089
DLR_04,PRT_0088,26,0.102
DLR_04,PRT_0089,49,0.113
DLR_04,PRT_0090,38,0.101
DLR_04,PRT_0091,41,0.113
DLR_04,PRT_0092,28,0.089
DLR_04,PRT_0093,18,0.085
DLR_04,PRT_0094,30,0.089
DLR_04,PRT_0095,18,0.082
DLR_04,PRT_0096,40,0.099
DLR_04,PRT_0097,23,0.102
DLR_04,PRT_0098,50,0.101
DLR_04,PRT_0099,9,0.089
DLR_04,PRT_0100,14,0.113
DLR_05,PRT_0001,0,0.086
DLR_05,PRT_0002,0,0.105
DLR_05,PRT_0003,42,0.088
DLR_05,PRT_0004,32,0.119
DLR_05,PRT_0005,44,0.084
DLR_05,PRT_0006,24,0.111
DLR_05,PRT_0007,13,0.099
DLR_05,PRT_0008,26,0.093
DLR_05,PRT_0009,11,0.106
DLR_05,PRT_0010,16,0.092
DLR_05,PRT_0011,13,0.118
DLR_05,PRT_0012,7,0.116
DLR_05,PRT_0013,26,0.085
DLR_05,PRT_0014,38,0.099
DLR_05,PRT_0015,23,0.092
DLR_05,PRT_0016,20,0.103
DLR_05,PRT_0017,23,0.088
DLR_05,PRT_0018,49,0.11
DLR_05,PRT_0019,24,0.096
DLR_05,PRT_0020,11,0.117
DLR_05,PRT_0021,9,0.112
DLR_05,PRT_0022,45,0.091
DLR_05,PRT_0023,39,0.082
DLR_05,PRT_0024,7,0.093
DLR_05,PRT_0025,47,0.114
DLR_05,PRT_0026,14,0.087
DLR_05,PRT_0027,13,0.115
DLR_05,PRT_0028,23,0.107
DLR_05,PRT_0029,45,0.113
DLR_05,PRT_0030,42,0.082
DLR_05,PRT_0031,11,0.115
DLR_05,PRT_0032,10,0.091
DLR_05,PRT_0033,48,0.116
DLR_05,PRT_0034,41,0.1
DLR_05,PRT_0035,14,0.101
DLR_05,PRT_0036,5,0.089
DLR_05,PRT_0037,49,0.097
DLR_05,PRT_0038,28,0.101
DLR_05,PRT_0039,16,0.116
DLR_05,PRT_0040,20,0.086
DLR_05,PRT_0041,40,0.094
DLR_05,PRT_0042,8,0.12
DLR_05,PRT_0043,46,0.11
DLR_05,PRT_0044,20,0.088
DLR_05,PRT_0045,21,0.102
DLR_05,PRT_0046,27,0.086
DLR_05,PRT_0047,20,0.114
DLR_05,PRT_0048,28,0.084
DLR_05,PRT_0049,27,0.087
DLR_05,PRT_0050,40,0.104
DLR_05,PRT_0051,6,0.1
DLR_05,PRT_0052,6,0.09
DLR_05,PRT_0053,40,0.116
DLR_05,PRT_0054,41,0.108
DLR_05,PRT_0055,11,0.083
DLR_05,PRT_0056,20,0.095
DLR_05,PRT_0057,48,0.115
DLR_05,PRT_0058,8,0.098
DLR_05,PRT_0059,34,0.1
DLR_05,PRT_0060,48,0.108
DLR_05,PRT_0061,22,0.092
DLR_05,PRT_0062,25,0.114
DLR_05,PRT_0063,47,0.101
DLR_05,PRT_0064,37,0.082
DLR_05,PRT_0065,18,0.084
DLR_05,PRT_0066,40,0.11
DLR_05,PRT_0067,32,0.09
DLR_05,PRT_0068,5,0.101
DLR_05,PRT_0069,7,0.086
DLR_05,PRT_0070,28,0.11
DLR_05,PRT_0071,37,0.115
DLR_05,PRT_0072,24,0.084
DLR_05,PRT_0073,35,0.082
DLR_05,PRT_0074,31,0.089
DLR_05,PRT_0075,9,0.094
DLR_05,PRT_0076,40,0.113
DLR_05,PRT_0077,48,0.103
DLR_05,PRT_0078,23,0.084
DLR_05,PRT_0079,12,0.099
DLR_05,PRT_0080,7,0.092
DLR_05,PRT_0081,27,0.106
DLR_05,PRT_0082,32,0.096
DLR_05,PRT_0083,39,0.088
DLR_05,PRT_0084,28,0.12
DLR_05,PRT_0085,21,0.107
DLR_05,PRT_0086,50,0.088
DLR_05,PRT_0087,33,0.091
DLR_05,PRT_0088,40,0.086
DLR_05,PRT_0089,39,0.083
DLR_05,PRT_0090,41,0.092
DLR_05,PRT_0091,24,0.115
DLR_05,PRT_0092,37,0.082
DLR_05,PRT_0093,27,0.105
DLR_05,PRT_0094,39,0.088
DLR_05,PRT_0095,42,0.101
DLR_05,PRT_0096,20,0.096
DLR_05,PRT_0097,6,0.112
DLR_05,PRT_0098,41,0.095
DLR_05,PRT_0099,37,0.087
DLR_05,PRT_0100,31,0.089
DLR_06,PRT_0001,0,0.119
DLR_06,PRT_0002,0,0.12
DLR_06,PRT_0003,39,0.116
DLR_06,PRT_0004,29,0.08
DLR_06,PRT_0005,24,0.092
DLR_06,PRT_0006,12,0.101
DLR_06,PRT_0007,14,0.107
DLR_06,PRT_0008,24,0.108
DLR_06,PRT_0009,31,0.096
DLR_06,PRT_0010,32,0.088
DLR_06,PRT_0011,28,0.118
DLR_06,PRT_0012,44,0.103
DLR_06,PRT_0013,9,0.086
DLR_06,PRT_0014,26,0.086
DLR_06,PRT_0015,44,0.099
DLR_06,PRT_0016,31,0.086
DLR_06,PRT_0017,37,0.106
DLR_06,PRT_0018,31,0.085
DLR_06,PRT_0019,37,0.119
DLR_06,PRT_0020,15,0.113
DLR_06,PRT_0021,27,0.087
DLR_06,PRT_0022,27,0.083
DLR_06,PRT_0023,29,0.1
DLR_06,PRT_0024,27,0.083
DLR_06,PRT_0025,5,0.103
DLR_06,PRT_0026,46,0.086
DLR_06,PRT_0027,8,0.088
DLR_06,PRT_0028,37,0.089
DLR_06,PRT_0029,42,0.095
DLR_06,PRT_0030,10,0.099
DLR_06,PRT_0031,14,0.093
DLR_06,PRT_0032,17,0.089
DLR_06,PRT_0033,35,0.118
DLR_06,PRT_0034,39,0.113
DLR_06,PRT_0035,10,0.117
DLR_06,PRT_0036,17,0.086
DLR_06,PRT_0037,29,0.091
DLR_06,PRT_0038,44,0.106
DLR_06,PRT_0039,21,0.086
DLR_06,PRT_0040,40,0.106
DLR_06,PRT_0041,32,0.117
DLR_06,PRT_0042,8,0.081
DLR_06,PRT_0043,9,0.112
DLR_06,PRT_0044,14,0.114
DLR_06,PRT_0045,10,0.111
DLR_06,PRT_0046,22,0.119
DLR_06,PRT_0047,42,0.099
DLR_06,PRT_0048,10,0.086
DLR_06,PRT_0049,36,0.092
DLR_06,PRT_0050,21,0.081
DLR_06,PRT_0051,37,0.11
DLR_06,PRT_0052,6,0.113
DLR_06,PRT_0053,30,0.112
DLR_06,PRT_0054,6,0.094
DLR_06,PRT_0055,47,0.11
DLR_06,PRT_0056,25,0.12
DLR_06,PRT_0057,32,0.106
DLR_06,PRT_0058,49,0.087
DLR_06,PRT_0059,15,0.097
DLR_06,PRT_0060,21,0.101
DLR_06,PRT_0061,50,0.1
DLR_06,PRT_0062,48,0.118
DLR_06,PRT_0063,13,0.1
DLR_06,PRT_0064,30,0.086
DLR_06,PRT_0065,17,0.105
DLR_06,PRT_0066,8,0.089
DLR_06,PRT_0067,48,0.084
DLR_06,PRT_0068,46,0.119
DLR_06,PRT_0069,33,0.09
DLR_06,PRT_0070,38,0.082
DLR_06,PRT_0071,25,0.082
DLR_06,PRT_0072,33,0.101
DLR_06,PRT_0073,46,0.111
DLR_06,PRT_0074,44,0.09
DLR_06,PRT_0075,44,0.106
DLR_06,PRT_0076,26,0.09
DLR_06,PRT_0077,11,0.08
DLR_06,PRT_0078,6,0.086
DLR_06,PRT_0079,28,0.097
DLR_06,PRT_0080,50,0.093
DLR_06,PRT_0081,35,0.109
DLR_06,PRT_0082,5,0.111
DLR_06,PRT_0083,16,0.104
DLR_06,PRT_0084,41,0.11
DLR_06,PRT_0085,29,0.081
DLR_06,PRT_0086,14,0.115
DLR_06,PRT_0087,40,0.085
DLR_06,PRT_0088,32,0.119
DLR_06,PRT_0089,27,0.101
DLR_06,PRT_0090,13,0.099
DLR_06,PRT_0091,18,0.095
DLR_06,PRT_0092,48,0.119
DLR_06,PRT_0093,28,0.107
DLR_06,PRT_0094,18,0.105
DLR_06,PRT_0095,40,0.084
DLR_06,PRT_0096,48,0.092
DLR_06,PRT_0097,35,0.103
DLR_06,PRT_0098,42,0.101
DLR_06,PRT_0099,6,0.106
DLR_06,PRT_0100,32,0.108
DLR_07,PRT_0001,0,0.109
DLR_07,PRT_0002,0,0.112
DLR_07,PRT_0003,50,0.111
DLR_07,PRT_0004,7,0.089
DLR_07,PRT_0005,27,0.116
DLR_07,PRT_0006,38,0.089
DLR_07,PRT_0007,5,0.11
DLR_07,PRT_0008,25,0.08
DLR_07,PRT_0009,19,0.099
DLR_07,PRT_0010,32,0.119
DLR_07,PRT_0011,18,0.096
DLR_07,PRT_0012,27,0.101
DLR_07,PRT_0013,31,0.104
DLR_07,PRT_0014,13,0.081
DLR_07,PRT_0015,36,0.109
DLR_07,PRT_0016,32,0.101
DLR_07,PRT_0017,9,0.106
DLR_07,PRT_0018,21,0.091
DLR_07,PRT_0019,9,0.111
DLR_07,PRT_0020,26,0.116
DLR_07,PRT_0021,8,0.098
DLR_07,PRT_0022,13,0.099
DLR_07,PRT_0023,22,0.084
DLR_07,PRT_0024,25,0.102
DLR_07,PRT_0025,13,0.093
DLR_07,PRT_0026,40,0.12
DLR_07,PRT_0027,26,0.082
DLR_07,PRT_0028,7,0.118
DLR_07,PRT_0029,41,0.109
DLR_07,PRT_0030,8,0.091
DLR_07,PRT_0031,15,0.11
DLR_07,PRT_0032,38,0.105
DLR_07,PRT_0033,46,0.093
DLR_07,PRT_0034,15,0.1
DLR_07,PRT_0035,48,0.09
DLR_07,PRT_0036,11,0.101
DLR_07,PRT_0037,20,0.112
DLR_07,PRT_0038,13,0.115
DLR_07,PRT_0039,31,0.098
DLR_07,PRT_0040,18,0.085
DLR_07,PRT_0041,6,0.119
DLR_07,PRT_0042,7,0.105
DLR_07,PRT_0043,21,0.105
DLR_07,PRT_0044,12,0.109
DLR_07,PRT_0045,25,0.102
DLR_07,PRT_0046,22,0.097
DLR_07,PRT_0047,22,0.117
DLR_07,PRT_0048,43,0.111
DLR_07,PRT_0049,45,0.084
DLR_07,PRT_0050,25,0.106
DLR_07,PRT_0051,29,0.088
DLR_07,PRT_0052,6,0.101
DLR_07,PRT_0053,42,0.108
DLR_07,PRT_0054,38,0.101
DLR_07,PRT_0055,38,0.104
DLR_07,PRT_0056,7,0.114
DLR_07,PRT_0057,5,0.09
DLR_07,PRT_0058,41,0.119
DLR_07,PRT_0059,27,0.091
DLR_07,PRT_0060,48,0.103
DLR_07,PRT_0061,40,0.118
DLR_07,PRT_0062,16,0.118
DLR_07,PRT_0063,12,0.114
DLR_07,PRT_0064,47,0.088
DLR_07,PRT_0065,44,0.093
DLR_07,PRT_0066,32,0.11
DLR_07,PRT_0067,33,0.119
DLR_07,PRT_0068,46,0.082
DLR_07,PRT_0069,38,0.116
DLR_07,PRT_0070,33,0.114
DLR_07,PRT_0071,19,0.117
DLR_07,PRT_0072,14,0.084
DLR_07,PRT_0073,43,0.097
DLR_07,PRT_0074,15,0.08
DLR_07,PRT_0075,20,0.11
DLR_07,PRT_0076,24,0.084
DLR_07,PRT_0077,44,0.091
DLR_07,PRT_0078,43,0.102
DLR_07,PRT_0079,15,0.105
DLR_07,PRT_0080,21,0.113
DLR_07,PRT_0081,13,0.11
DLR_07,PRT_0082,9,0.09
DLR_07,PRT_0083,10,0.086
DLR_07,PRT_0084,43,0.097
DLR_07,PRT_0085,34,0.096
DLR_07,PRT_0086,45,0.107
DLR_07,PRT_0087,29,0.11
DLR_07,PRT_0088,33,0.105
DLR_07,PRT_0089,49,0.11
DLR_07,PRT_0090,45,0.105
DLR_07,PRT_0091,24,0.094
DLR_07,PRT_0092,6,0.088
DLR_07,PRT_0093,26,0.081
DLR_07,PRT_0094,11,0.118
DLR_07,PRT_0095,41,0.101
DLR_07,PRT_0096,34,0.094
DLR_07,PRT_0097,25,0.097
DLR_07,PRT_0098,36,0.108
DLR_07,PRT_0099,39,0.118
DLR_07,PRT_0100,24,0.111
DLR_08,PRT_0001,5,0.093
DLR_08,PRT_0002,7,0.109
DLR_08,PRT_0003,11,0.106
DLR_08,PRT_0004,50,0.119
DLR_08,PRT_0005,5,0.114
DLR_08,PRT_0006,21,0.084
DLR_08,PRT_0007,12,0.109
DLR_08,PRT_0008,35,0.088
DLR_08,PRT_0009,15,0.084
DLR_08,PRT_0010,11,0.094
DLR_08,PRT_0011,50,0.116
DLR_08,PRT_0012,10,0.115
DLR_08,PRT_0013,33,0.086
DLR_08,PRT_0014,33,0.097
DLR_08,PRT_0015,13,0.098
DLR_08,PRT_0016,5,0.084
DLR_08,PRT_0017,35,0.093
DLR_08,PRT_0018,43,0.1
DLR_08,PRT_0019,18,0.091
DLR_08,PRT_0020,13,0.12
DLR_08,PRT_0021,44,0.083
DLR_08,PRT_0022,20,0.084
DLR_08,PRT_0023,17,0.103
DLR_08,PRT_0024,15,0.102
DLR_08,PRT_0025,23,0.112
DLR_08,PRT_0026,35,0.092
DLR_08,PRT_0027,10,0.111
DLR_08,PRT_0028,29,0.1
DLR_08,PRT_0029,19,0.117
DLR_08,PRT_0030,27,0.082
DLR_08,PRT_0031,24,0.086
DLR_08,PRT_0032,27,0.102
DLR_08,PRT_0033,38,0.116
DLR_08,PRT_0034,21,0.115
DLR_08,PRT_0035,49,0.091
DLR_08,PRT_0036,38,0.09
DLR_08,PRT_0037,7,0.083
DLR_08,PRT_0038,45,0.081
DLR_08,PRT_0039,7,0.092
DLR_08,PRT_0040,5,0.115
DLR_08,PRT_0041,44,0.093
DLR_08,PRT_0042,41,0.103
DLR_08,PRT_0043,47,0.082
DLR_08,PRT_0044,48,0.109
DLR_08,PRT_0045,36,0.086
DLR_08,PRT_0046,7,0.119
DLR_08,PRT_0047,49,0.114
DLR_08,PRT_0048,11,0.088
DLR_08,PRT_0049,48,0.095
DLR_08,PRT_0050,15,0.088
DLR_08,PRT_0051,24,0.112
DLR_08,PRT_0052,13,0.109
DLR_08,PRT_0053,16,0.096
DLR_08,PRT_0054,16,0.119
DLR_08,PRT_0055,20,0.106
DLR_08,PRT_0056,16,0.106
DLR_08,PRT_0057,26,0.106
DLR_08,PRT_0058,32,0.094
DLR_08,PRT_0059,16,0.113
DLR_08,PRT_0060,36,0.108
DLR_08,PRT_0061,12,0.088
DLR_08,PRT_0062,48,0.087
DLR_08,PRT_0063,9,0.112
DLR_08,PRT_0064,18,0.099
DLR_08,PRT_0065,40,0.1
DLR_08,PRT_0066,24,0.085
DLR_08,PRT_0067,19,0.116
DLR_08,PRT_0068,25,0.083
DLR_08,PRT_0069,36,0.114
DLR_08,PRT_0070,9,0.103
DLR_08,PRT_0071,40,0.1
DLR_08,PRT_0072,21,0.116
DLR_08,PRT_0073,15,0.111
DLR_08,PRT_0074,21,0.087
DLR_08,PRT_0075,28,0.08
DLR_08,PRT_0076,20,0.102
DLR_08,PRT_0077,45,0.086
DLR_08,PRT_0078,17,0.105
DLR_08,PRT_0079,36,0.088
DLR_08,PRT_0080,6,0.104
DLR_08,PRT_0081,9,0.112
DLR_08,PRT_0082,43,0.119
DLR_08,PRT_0083,42,0.117
DLR_08,PRT_0084,10,0.107
DLR_08,PRT_0085,49,0.085
DLR_08,PRT_0086,12,0.09
DLR_08,PRT_0087,46,0.095
DLR_08,PRT_0088,50,0.109
DLR_08,PRT_0089,41,0.08
DLR_08,PRT_0090,6,0.087
DLR_08,PRT_0091,43,0.1
DLR_08,PRT_0092,16,0.086
DLR_08,PRT_0093,42,0.1
DLR_08,PRT_0094,8,0.086
DLR_08,PRT_0095,46,0.091
DLR_08,PRT_0096,37,0.085
DLR_08,PRT_0097,36,0.082
DLR_08,PRT_0098,42,0.11
DLR_08,PRT_0099,40,0.105
DLR_08,PRT_0100,13,0.09
DLR_09,PRT_0001,28,0.118
DLR_09,PRT_0002,48,0.11
DLR_09,PRT_0003,13,0.092
DLR_09,PRT_0004,11,0.118
DLR_09,PRT_0005,23,0.089
DLR_09,PRT_0006,27,0.104
DLR_09,PRT_0007,30,0.08
DLR_09,PRT_0008,15,0.096
DLR_09,PRT_0009,10,0.117
DLR_09,PRT_0010,36,0.092
DLR_09,PRT_0011,30,0.116
DLR_09,PRT_0012,47,0.086
DLR_09,PRT_0013,24,0.106
DLR_09,PRT_0014,47,0.081
DLR_09,PRT_0015,9,0.112
DLR_09,PRT_0016,23,0.101
DLR_09,PRT_0017,29,0.12
DLR_09,PRT_0018,16,0.109
DLR_09,PRT_0019,19,0.119
DLR_09,PRT_0020,25,0.114
DLR_09,PRT_0021,10,0.088
DLR_09,PRT_0022,46,0.087
DLR_09,PRT_0023,31,0.082
DLR_09,PRT_0024,45,0.114
DLR_09,PRT_0025,46,0.086
DLR_09,PRT_0026,16,0.114
DLR_09,PRT_0027,37,0.12
DLR_09,PRT_0028,5,0.095
DLR_09,PRT_0029,28,0.119
DLR_09,PRT_0030,9,0.115
DLR_09,PRT_0031,15,0.09
DLR_09,PRT_0032,35,0.108
DLR_09,PRT_0033,47,0.082
DLR_09,PRT_0034,23,0.114
DLR_09,PRT_0035,20,0.109
DLR_09,PRT_0036,38,0.082
DLR_09,PRT_0037,31,0.118
DLR_09,PRT_0038,47,0.083
DLR_09,PRT_0039,20,0.091
DLR_09,PRT_0040,5,0.116
DLR_09,PRT_0041,26,0.082
DLR_09,PRT_0042,20,0.083
DLR_09,PRT_0043,19,0.1
DLR_09,PRT_0044,34,0.117
DLR_09,PRT_0045,41,0.083
DLR_09,PRT_0046,39,0.117
DLR_09,PRT_0047,29,0.087
DLR_09,PRT_0048,48,0.083
DLR_09,PRT_0049,38,0.109
DLR_09,PRT_0050,47,0.097
DLR_09,PRT_0051,23,0.101
DLR_09,PRT_0052,39,0.082
DLR_09,PRT_0053,23,0.082
DLR_09,PRT_0054,32,0.082
DLR_09,PRT_0055,36,0.112
DLR_09,PRT_0056,20,0.105
DLR_09,PRT_0057,9,0.103
DLR_09,PRT_0058,49,0.104
DLR_09,PRT_0059,8,0.115
DLR_09,PRT_0060,32,0.095
DLR_09,PRT_0061,24,0.098
DLR_09,PRT_0062,6,0.105
DLR_09,PRT_0063,15,0.093
DLR_09,PRT_0064,10,0.102
DLR_09,PRT_0065,17,0.092
DLR_09,PRT_0066,44,0.093
DLR_09,PRT_0067,17,0.119
DLR_09,PRT_0068,42,0.099
DLR_09,PRT_0069,25,0.089
DLR_09,PRT_0070,42,0.111
DLR_09,PRT_0071,47,0.119
DLR_09,PRT_0072,19,0.114
DLR_09,PRT_0073,28,0.08
DLR_09,PRT_0074,13,0.113
DLR_09,PRT_0075,20,0.107
DLR_09,PRT_0076,13,0.101
DLR_09,PRT_0077,5,0.089
DLR_09,PRT_0078,6,0.118
DLR_09,PRT_0079,31,0.083
DLR_09,PRT_0080,44,0.12
DLR_09,PRT_0081,21,0.119
DLR_09,PRT_0082,36,0.087
DLR_09,PRT_0083,34,0.104
DLR_09,PRT_0084,38,0.119
DLR_09,PRT_0085,36,0.107
DLR_09,PRT_0086,5,0.119
DLR_09,PRT_0087,15,0.119
DLR_09,PRT_0088,35,0.118
DLR_09,PRT_0089,10,0.093
DLR_09,PRT_0090,24,0.091
DLR_09,PRT_0091,38,0.106
DLR_09,PRT_0092,45,0.115
DLR_09,PRT_0093,45,0.099
DLR_09,PRT_0094,26,0.091
DLR_09,PRT_0095,40,0.11
DLR_09,PRT_0096,18,0.08
DLR_09,PRT_0097,48,0.104
DLR_09,PRT_0098,22,0.081
DLR_09,PRT_0099,41,0.08
DLR_09,PRT_0100,33,0.119
DLR_10,PRT_0001,47,0.091
DLR_10,PRT_0002,44,0.103
DLR_10,PRT_0003,18,0.092
DLR_10,PRT_0004,38,0.12
DLR_10,PRT_0005,32,0.101
DLR_10,PRT_0006,44,0.082
DLR_10,PRT_0007,40,0.102
DLR_10,PRT_0008,48,0.109
DLR_10,PRT_0009,16,0.101
DLR_10,PRT_0010,48,0.086
DLR_10,PRT_0011,7,0.104
DLR_10,PRT_0012,31,0.096
DLR_10,PRT_0013,49,0.11
DLR_10,PRT_0014,17,0.082
DLR_10,PRT_0015,18,0.093
DLR_10,PRT_0016,5,0.118
DLR_10,PRT_0017,29,0.114
DLR_10,PRT_0018,25,0.107
DLR_10,PRT_0019,11,0.117
DLR_10,PRT_0020,9,0.092
DLR_10,PRT_0021,24,0.111
DLR_10,PRT_0022,42,0.1
DLR_10,PRT_0023,31,0.117
DLR_10,PRT_0024,14,0.099
DLR_10,PRT_0025,31,0.084
DLR_10,PRT_0026,40,0.115
DLR_10,PRT_0027,20,0.084
DLR_10,PRT_0028,18,0.083
DLR_10,PRT_0029,27,0.099
DLR_10,PRT_0030,10,0.103
DLR_10,PRT_0031,46,0.117
DLR_10,PRT_0032,16,0.107
DLR_10,PRT_0033,8,0.114
DLR_10,PRT_0034,10,0.103
DLR_10,PRT_0035,30,0.119
DLR_10,PRT_0036,18,0.082
DLR_10,PRT_0037,24,0.108
DLR_10,PRT_0038,19,0.115
DLR_10,PRT_0039,14,0.102
DLR_10,PRT_0040,22,0.098
DLR_10,PRT_0041,42,0.109
DLR_10,PRT_0042,17,0.095
DLR_10,PRT_0043,41,0.114
DLR_10,PRT_0044,29,0.091
DLR_10,PRT_0045,25,0.095
DLR_10,PRT_0046,24,0.088
DLR_10,PRT_0047,19,0.102
DLR_10,PRT_0048,37,0.118
DLR_10,PRT_0049,29,0.117
DLR_10,PRT_0050,8,0.106
DLR_10,PRT_0051,35,0.099
DLR_10,PRT_0052,17,0.106
DLR_10,PRT_0053,13,0.107
DLR_10,PRT_0054,18,0.112
DLR_10,PRT_0055,44,0.082
DLR_10,PRT_0056,15,0.085
DLR_10,PRT_0057,9,0.119
DLR_10,PRT_0058,10,0.091
DLR_10,PRT_0059,12,0.101
DLR_10,PRT_0060,45,0.104
DLR_10,PRT_0061,35,0.105
DLR_10,PRT_0062,28,0.11
DLR_10,PRT_0063,14,0.096
DLR_10,PRT_0064,26,0.11
DLR_10,PRT_0065,11,0.098
DLR_10,PRT_0066,26,0.088
DLR_10,PRT_0067,32,0.107
DLR_10,PRT_0068,45,0.11
DLR_10,PRT_0069,42,0.109
DLR_10,PRT_0070,33,0.101
DLR_10,PRT_0071,9,0.102
DLR_10,PRT_0072,21,0.116
DLR_10,PRT_0073,36,0.08
DLR_10,PRT_0074,41,0.1
DLR_10,PRT_0075,26,0.101
DLR_10,PRT_0076,17,0.091
DLR_10,PRT_0077,28,0.081
DLR_10,PRT_0078,7,0.081
DLR_10,PRT_0079,15,0.095
DLR_10,PRT_0080,14,0.081
DLR_10,PRT_0081,32,0.1
DLR_10,PRT_0082,14,0.096
DLR_10,PRT_0083,18,0.106
DLR_10,PRT_0084,9,0.088
DLR_10,PRT_0085,8,0.109
DLR_10,PRT_0086,42,0.099
DLR_10,PRT_0087,7,0.099
DLR_10,PRT_0088,20,0.102
DLR_10,PRT_0089,43,0.083
DLR_10,PRT_0090,41,0.108
DLR_10,PRT_0091,6,0.101
DLR_10,PRT_0092,32,0.1
DLR_10,PRT_0093,20,0.083
DLR_10,PRT_0094,25,0.104
DLR_10,PRT_0095,46,0.095
DLR_10,PRT_0096,31,0.089
DLR_10,PRT_0097,10,0.115
DLR_10,PRT_0098,21,0.104
DLR_10,PRT_0099,9,0.103
DLR_10,PRT_0100,30,0.086
DLR_11,PRT_0001,43,0.102
DLR_11,PRT_0002,47,0.095
DLR_11,PRT_0003,23,0.094
DLR_11,PRT_0004,15,0.098
DLR_11,PRT_0005,16,0.084
DLR_11,PRT_0006,36,0.118
DLR_11,PRT_0007,48,0.108
DLR_11,PRT_0008,37,0.116
DLR_11,PRT_0009,49,0.096
DLR_11,PRT_0010,47,0.108
DLR_11,PRT_0011,6,0.118
DLR_11,PRT_0012,39,0.088
DLR_11,PRT_0013,17,0.095
DLR_11,PRT_0014,10,0.115
DLR_11,PRT_0015,21,0.087
DLR_11,PRT_0016,36,0.096
DLR_11,PRT_0017,28,0.091
DLR_11,PRT_0018,46,0.096
DLR_11,PRT_0019,32,0.104
DLR_11,PRT_0020,24,0.11
DLR_11,PRT_0021,31,0.118
DLR_11,PRT_0022,21,0.099
DLR_11,PRT_0023,15,0.102
DLR_11,PRT_0024,47,0.12
DLR_11,PRT_0025,9,0.109
DLR_11,PRT_0026,13,0.095
DLR_11,PRT_0027,12,0.115
DLR_11,PRT_0028,8,0.109
DLR_11,PRT_0029,37,0.119
DLR_11,PRT_0030,43,0.086
DLR_11,PRT_0031,8,0.104
DLR_11,PRT_0032,8,0.086
DLR_11,PRT_0033,28,0.088
DLR_11,PRT_0034,16,0.103
DLR_11,PRT_0035,35,0.11
DLR_11,PRT_0036,32,0.114
DLR_11,PRT_0037,37,0.1
DLR_11,PRT_0038,29,0.083
DLR_11,PRT_0039,24,0.106
DLR_11,PRT_0040,9,0.103
DLR_11,PRT_0041,12,0.117
DLR_11,PRT_0042,39,0.086
DLR_11,PRT_0043,7,0.119
DLR_11,PRT_0044,48,0.103
DLR_11,PRT_0045,43,0.082
DLR_11,PRT_0046,41,0.09
DLR_11,PRT_0047,17,0.093
DLR_11,PRT_0048,5,0.1
DLR_11,PRT_0049,23,0.11
DLR_11,PRT_0050,32,0.116
DLR_11,PRT_0051,48,0.102
DLR_11,PRT_0052,8,0.092
DLR_11,PRT_0053,15,0.086
DLR_11,PRT_0054,10,0.118
DLR_11,PRT_0055,23,0.1
DLR_11,PRT_0056,8,0.1
DLR_11,PRT_0057,9,0.093
DLR_11,PRT_0058,12,0.087
DLR_11,PRT_0059,19,0.089
DLR_11,PRT_0060,14,0.098
DLR_11,PRT_0061,24,0.107
DLR_11,PRT_0062,33,0.116
DLR_11,PRT_0063,8,0.119
DLR_11,PRT_0064,21,0.108
DLR_11,PRT_0065,38,0.088
DLR_11,PRT_0066,41,0.118
DLR_11,PRT_0067,34,0.094
DLR_11,PRT_0068,25,0.109
DLR_11,PRT_0069,14,0.12
DLR_11,PRT_0070,22,0.104
DLR_11,PRT_0071,50,0.099
DLR_11,PRT_0072,32,0.106
DLR_11,PRT_0073,41,0.097
DLR_11,PRT_0074,45,0.112
DLR_11,PRT_0075,12,0.086
DLR_11,PRT_0076,26,0.09
DLR_11,PRT_0077,26,0.108
DLR_11,PRT_0078,49,0.1
DLR_11,PRT_0079,38,0.105
DLR_11,PRT_0080,48,0.113
DLR_11,PRT_0081,13,0.102
DLR_11,PRT_0082,24,0.086
DLR_11,PRT_0083,20,0.088
DLR_11,PRT_0084,27,0.087
DLR_11,PRT_0085,25,0.101
DLR_11,PRT_0086,14,0.099
DLR_11,PRT_0087,39,0.107
DLR_11,PRT_0088,17,0.095
DLR_11,PRT_0089,28,0.109
DLR_11,PRT_0090,27,0.111
DLR_11,PRT_0091,33,0.091
DLR_11,PRT_0092,12,0.106
DLR_11,PRT_0093,28,0.103
DLR_11,PRT_0094,30,0.102
DLR_11,PRT_0095,19,0.106
DLR_11,PRT_0096,49,0.093
DLR_11,PRT_0097,41,0.086
DLR_11,PRT_0098,42,0.085
DLR_11,PRT_0099,45,0.092
DLR_11,PRT_0100,49,0.098
DLR_12,PRT_0001,49,0.117
DLR_12,PRT_0002,37,0.086
DLR_12,PRT_0003,24,0.087
DLR_12,PRT_0004,41,0.088
DLR_12,PRT_0005,16,0.097
DLR_12,PRT_0006,31,0.085
DLR_12,PRT_0007,49,0.095
DLR_12,PRT_0008,31,0.09
DLR_12,PRT_0009,49,0.103
DLR_12,PRT_0010,13,0.087
DLR_12,PRT_0011,29,0.103
DLR_12,PRT_0012,15,0.108
DLR_12,PRT_0013,47,0.086
DLR_12,PRT_0014,35,0.11
DLR_12,PRT_0015,28,0.106
DLR_12,PRT_0016,16,0.087
DLR_12,PRT_0017,19,0.118
DLR_12,PRT_0018,49,0.083
DLR_12,PRT_0019,26,0.099
DLR_12,PRT_0020,11,0.107
DLR_12,PRT_0021,35,0.098
DLR_12,PRT_0022,45,0.118
DLR_12,PRT_0023,11,0.087
DLR_12,PRT_0024,34,0.112
DLR_12,PRT_0025,11,0.1
DLR_12,PRT_0026,16,0.119
DLR_12,PRT_0027,47,0.115
DLR_12,PRT_0028,44,0.116
DLR_12,PRT_0029,15,0.115
DLR_12,PRT_0030,7,0.084
DLR_12,PRT_0031,26,0.107
DLR_12,PRT_0032,44,0.081
DLR_12,PRT_0033,9,0.081
DLR_12,PRT_0034,23,0.108
DLR_12,PRT_0035,49,0.093
DLR_12,PRT_0036,11,0.092
DLR_12,PRT_0037,30,0.113
DLR_12,PRT_0038,8,0.115
DLR_12,PRT_0039,44,0.08
DLR_12,PRT_0040,16,0.109
DLR_12,PRT_0041,19,0.082
DLR_12,PRT_0042,5,0.082
DLR_12,PRT_0043,19,0.106
DLR_12,PRT_0044,7,0.089
DLR_12,PRT_0045,19,0.096
DLR_12,PRT_0046,23,0.114
DLR_12,PRT_0047,48,0.119
DLR_12,PRT_0048,33,0.115
DLR_12,PRT_0049,34,0.115
DLR_12,PRT_0050,12,0.094
DLR_12,PRT_0051,39,0.096
DLR_12,PRT_0052,14,0.113
DLR_12,PRT_0053,12,0.081
DLR_12,PRT_0054,35,0.084
DLR_12,PRT_0055,34,0.091
DLR_12,PRT_0056,38,0.107
DLR_12,PRT_0057,38,0.096
DLR_12,PRT_0058,38,0.084
DLR_12,PRT_0059,31,0.11
DLR_12,PRT_0060,26,0.094
DLR_12,PRT_0061,20,0.115
DLR_12,PRT_0062,28,0.096
DLR_12,PRT_0063,26,0.083
DLR_12,PRT_0064,38,0.104
DLR_12,PRT_0065,11,0.115
DLR_12,PRT_0066,43,0.09
DLR_12,PRT_0067,49,0.109
DLR_12,PRT_0068,34,0.108
DLR_12,PRT_0069,37,0.089
DLR_12,PRT_0070,29,0.108
DLR_12,PRT_0071,14,0.095
DLR_12,PRT_0072,46,0.098
DLR_12,PRT_0073,19,0.091
DLR_12,PRT_0074,49,0.095
DLR_12,PRT_0075,38,0.083
DLR_12,PRT_0076,27,0.088
DLR_12,PRT_0077,50,0.095
DLR_12,PRT_0078,25,0.088
DLR_12,PRT_0079,21,0.084
DLR_12,PRT_0080,48,0.08
DLR_12,PRT_0081,27,0.108
DLR_12,PRT_0082,46,0.12
DLR_12,PRT_0083,31,0.089
DLR_12,PRT_0084,20,0.118
DLR_12,PRT_0085,20,0.096
DLR_12,PRT_0086,50,0.095
DLR_12,PRT_0087,6,0.119
DLR_12,PRT_0088,41,0.114
DLR_12,PRT_0089,35,0.116
DLR_12,PRT_0090,19,0.115
DLR_12,PRT_0091,16,0.116
DLR_12,PRT_0092,26,0.094
DLR_12,PRT_0093,16,0.087
DLR_12,PRT_0094,30,0.087
DLR_12,PRT_0095,24,0.101
DLR_12,PRT_0096,13,0.082
DLR_12,PRT_0097,5,0.119
DLR_12,PRT_0098,49,0.082
DLR_12,PRT_0099,30,0.086
DLR_12,PRT_0100,37,0.109
DLR_13,PRT_0001,15,0.094
DLR_13,PRT_0002,17,0.095
DLR_13,PRT_0003,7,0.11
DLR_13,PRT_0004,27,0.099
DLR_13,PRT_0005,16,0.114
DLR_13,PRT_0006,29,0.119
DLR_13,PRT_0007,40,0.081
DLR_13,PRT_0008,28,0.106
DLR_13,PRT_0009,30,0.088
DLR_13,PRT_0010,26,0.108
DLR_13,PRT_0011,10,0.097
DLR_13,PRT_0012,11,0.115
DLR_13,PRT_0013,42,0.102
DLR_13,PRT_0014,49,0.085
DLR_13,PRT_0015,9,0.102
DLR_13,PRT_0016,43,0.114
DLR_13,PRT_0017,33,0.094
DLR_13,PRT_0018,7,0.108
DLR_13,PRT_0019,34,0.096
DLR_13,PRT_0020,19,0.119
DLR_13,PRT_0021,18,0.101
DLR_13,PRT_0022,43,0.112
DLR_13,PRT_0023,20,0.084
DLR_13,PRT_0024,47,0.094
DLR_13,PRT_0025,46,0.093
DLR_13,PRT_0026,37,0.111
DLR_13,PRT_0027,28,0.098
DLR_13,PRT_0028,30,0.111
DLR_13,PRT_0029,5,0.104
DLR_13,PRT_0030,12,0.118
DLR_13,PRT_0031,26,0.101
DLR_13,PRT_0032,17,0.113
DLR_13,PRT_0033,22,0.115
DLR_13,PRT_0034,5,0.089
DLR_13,PRT_0035,18,0.1
DLR_13,PRT_0036,34,0.1
DLR_13,PRT_0037,19,0.116
DLR_13,PRT_0038,8,0.113
DLR_13,PRT_0039,42,0.087
DLR_13,PRT_0040,10,0.108
DLR_13,PRT_0041,39,0.092
DLR_13,PRT_0042,45,0.098
DLR_13,PRT_0043,41,0.102
DLR_13,PRT_0044,28,0.08
DLR_13,PRT_0045,27,0.103
DLR_13,PRT_0046,37,0.117
DLR_13,PRT_0047,10,0.099
DLR_13,PRT_0048,19,0.088
DLR_13,PRT_0049,47,0.102
DLR_13,PRT_0050,43,0.116
DLR_13,PRT_0051,49,0.089
DLR_13,PRT_0052,12,0.094
DLR_13,PRT_0053,33,0.118
DLR_13,PRT_0054,36,0.104
DLR_13,PRT_0055,22,0.118
DLR_13,PRT_0056,36,0.108
DLR_13,PRT_0057,6,0.107
DLR_13,PRT_0058,6,0.119
DLR_13,PRT_0059,7,0.106
DLR_13,PRT_0060,49,0.111
DLR_13,PRT_0061,6,0.117
DLR_13,PRT_0062,22,0.109
DLR_13,PRT_0063,14,0.094
DLR_13,PRT_0064,6,0.081
DLR_13,PRT_0065,14,0.114
DLR_13,PRT_0066,21,0.112
DLR_13,PRT_0067,24,0.11
DLR_13,PRT_0068,28,0.116
DLR_13,PRT_0069,8,0.118
DLR_13,PRT_0070,50,0.085
DLR_13,PRT_0071,31,0.087
DLR_13,PRT_0072,30,0.103
DLR_13,PRT_0073,43,0.089
DLR_13,PRT_0074,18,0.098
DLR_13,PRT_0075,47,0.081
DLR_13,PRT_0076,45,0.108
DLR_13,PRT_0077,40,0.118
DLR_13,PRT_0078,36,0.118
DLR_13,PRT_0079,40,0.101
DLR_13,PRT_0080,34,0.104
DLR_13,PRT_0081,32,0.117
DLR_13,PRT_0082,44,0.113
DLR_13,PRT_0083,32,0.085
DLR_13,PRT_0084,17,0.092
DLR_13,PRT_0085,43,0.113
DLR_13,PRT_0086,49,0.117
DLR_13,PRT_0087,47,0.096
DLR_13,PRT_0088,14,0.103
DLR_13,PRT_0089,20,0.083
DLR_13,PRT_0090,37,0.109
DLR_13,PRT_0091,43,0.12
DLR_13,PRT_0092,36,0.119
DLR_13,PRT_0093,10,0.095
DLR_13,PRT_0094,17,0.089
DLR_13,PRT_0095,8,0.107
DLR_13,PRT_0096,9,0.105
DLR_13,PRT_0097,16,0.084
DLR_13,PRT_0098,19,0.099
DLR_13,PRT_0099,17,0.089
DLR_13,PRT_0100,18,0.087
DLR_14,PRT_0001,15,0.12
DLR_14,PRT_0002,42,0.085
DLR_14,PRT_0003,38,0.111
DLR_14,PRT_0004,39,0.085
DLR_14,PRT_0005,17,0.105
DLR_14,PRT_0006,14,0.112
DLR_14,PRT_0007,26,0.081
DLR_14,PRT_0008,30,0.108
DLR_14,PRT_0009,16,0.11
DLR_14,PRT_0010,26,0.1
DLR_14,PRT_0011,37,0.116
DLR_14,PRT_0012,28,0.088
DLR_14,PRT_0013,40,0.118
DLR_14,PRT_0014,39,0.101
DLR_14,PRT_0015,22,0.091
DLR_14,PRT_0016,21,0.096
DLR_14,PRT_0017,16,0.09
DLR_14,PRT_0018,9,0.101
DLR_14,PRT_0019,11,0.108
DLR_14,PRT_0020,17,0.086
DLR_14,PRT_0021,29,0.08
DLR_14,PRT_0022,17,0.09
DLR_14,PRT_0023,32,0.093
DLR_14,PRT_0024,23,0.102
DLR_14,PRT_0025,44,0.108
DLR_14,PRT_0026,42,0.092
DLR_14,PRT_0027,39,0.094
DLR_14,PRT_0028,13,0.107
DLR_14,PRT_0029,37,0.099
DLR_14,PRT_0030,42,0.093
DLR_14,PRT_0031,18,0.098
DLR_14,PRT_0032,38,0.091
DLR_14,PRT_0033,35,0.082
DLR_14,PRT_0034,17,0.097
DLR_14,PRT_0035,21,0.106
DLR_14,PRT_0036,34,0.089
DLR_14,PRT_0037,17,0.109
DLR_14,PRT_0038,28,0.086
DLR_14,PRT_0039,30,0.111
DLR_14,PRT_0040,12,0.103
DLR_14,PRT_0041,11,0.098
DLR_14,PRT_0042,31,0.104
DLR_14,PRT_0043,36,0.111
DLR_14,PRT_0044,27,0.108
DLR_14,PRT_0045,12,0.101
DLR_14,PRT_0046,10,0.093
DLR_14,PRT_0047,46,0.085
DLR_14,PRT_0048,7,0.11
DLR_14,PRT_0049,16,0.115
DLR_14,PRT_0050,40,0.108
DLR_14,PRT_0051,44,0.104
DLR_14,PRT_0052,34,0.083
DLR_14,PRT_0053,36,0.108
DLR_14,PRT_0054,15,0.112
DLR_14,PRT_0055,47,0.097
DLR_14,PRT_0056,8,0.103
DLR_14,PRT_0057,27,0.105
DLR_14,PRT_0058,18,0.119
DLR_14,PRT_0059,28,0.084
DLR_14,PRT_0060,23,0.113
DLR_14,PRT_0061,48,0.085
DLR_14,PRT_0062,16,0.106
DLR_14,PRT_0063,34,0.104
DLR_14,PRT_0064,10,0.111
DLR_14,PRT_0065,6,0.117
DLR_14,PRT_0066,38,0.103
DLR_14,PRT_0067,22,0.112
DLR_14,PRT_0068,32,0.101
DLR_14,PRT_0069,7,0.082
DLR_14,PRT_0070,32,0.094
DLR_14,PRT_0071,45,0.082
DLR_14,PRT_0072,44,0.084
DLR_14,PRT_0073,38,0.102
DLR_14,PRT_0074,15,0.094
DLR_14,PRT_0075,28,0.104
DLR_14,PRT_0076,5,0.11
DLR_14,PRT_0077,34,0.084
DLR_14,PRT_0078,35,0.114
DLR_14,PRT_0079,48,0.097
DLR_14,PRT_0080,30,0.119
DLR_14,PRT_0081,37,0.104
DLR_14,PRT_0082,27,0.09
DLR_14,PRT_0083,32,0.106
DLR_14,PRT_0084,46,0.096
DLR_14,PRT_0085,31,0.113
DLR_14,PRT_0086,19,0.106
DLR_14,PRT_0087,36,0.1
DLR_14,PRT_0088,44,0.088
DLR_14,PRT_0089,31,0.101
DLR_14,PRT_0090,49,0.112
DLR_14,PRT_0091,29,0.109
DLR_14,PRT_0092,30,0.116
DLR_14,PRT_0093,18,0.09
DLR_14,PRT_0094,16,0.084
DLR_14,PRT_0095,11,0.096
DLR_14,PRT_0096,15,0.097
DLR_14,PRT_0097,24,0.09
DLR_14,PRT_0098,22,0.1
DLR_14,PRT_0099,15,0.11
DLR_14,PRT_0100,42,0.103
DLR_15,PRT_0001,48,0.101
DLR_15,PRT_0002,29,0.091
DLR_15,PRT_0003,24,0.119
DLR_15,PRT_0004,50,0.101
DLR_15,PRT_0005,39,0.089
DLR_15,PRT_0006,48,0.095
DLR_15,PRT_0007,34,0.108
DLR_15,PRT_0008,25,0.108
DLR_15,PRT_0009,8,0.099
DLR_15,PRT_0010,41,0.113
DLR_15,PRT_0011,43,0.08
DLR_15,PRT_0012,15,0.112
DLR_15,PRT_0013,33,0.085
DLR_15,PRT_0014,44,0.103
DLR_15,PRT_0015,36,0.103
DLR_15,PRT_0016,47,0.083
DLR_15,PRT_0017,27,0.115
DLR_15,PRT_0018,22,0.102
DLR_15,PRT_0019,48,0.103
DLR_15,PRT_0020,39,0.083
DLR_15,PRT_0021,21,0.107
DLR_15,PRT_0022,35,0.102
DLR_15,PRT_0023,8,0.104
DLR_15,PRT_0024,37,0.103
DLR_15,PRT_0025,19,0.111
DLR_15,PRT_0026,31,0.085
DLR_15,PRT_0027,43,0.11
DLR_15,PRT_0028,12,0.095
DLR_15,PRT_0029,28,0.091
DLR_15,PRT_0030,35,0.114
DLR_15,PRT_0031,15,0.088
DLR_15,PRT_0032,11,0.111
DLR_15,PRT_0033,27,0.112
DLR_15,PRT_0034,11,0.098
DLR_15,PRT_0035,36,0.085
DLR_15,PRT_0036,46,0.084
DLR_15,PRT_0037,18,0.106
DLR_15,PRT_0038,38,0.1
DLR_15,PRT_0039,40,0.113
DLR_15,PRT_0040,33,0.115
DLR_15,PRT_0041,19,0.081
DLR_15,PRT_0042,13,0.082
DLR_15,PRT_0043,32,0.087
DLR_15,PRT_0044,37,0.104
DLR_15,PRT_0045,14,0.101
DLR_15,PRT_0046,5,0.112
DLR_15,PRT_0047,49,0.11
DLR_15,PRT_0048,8,0.105
DLR_15,PRT_0049,43,0.103
DLR_15,PRT_0050,16,0.115
DLR_15,PRT_0051,11,0.08
DLR_15,PRT_0052,39,0.081
DLR_15,PRT_0053,34,0.093
DLR_15,PRT_0054,8,0.09
DLR_15,PRT_0055,37,0.096
DLR_15,PRT_0056,37,0.09
DLR_15,PRT_0057,25,0.114
DLR_15,PRT_0058,28,0.108
DLR_15,PRT_0059,14,0.113
DLR_15,PRT_0060,21,0.11
DLR_15,PRT_0061,16,0.082
DLR_15,PRT_0062,35,0.095
DLR_15,PRT_0063,39,0.11
DLR_15,PRT_0064,12,0.11
DLR_15,PRT_0065,17,0.117
DLR_15,PRT_0066,44,0.11
DLR_15,PRT_0067,36,0.1
DLR_15,PRT_0068,40,0.099
DLR_15,PRT_0069,50,0.101
DLR_15,PRT_0070,5,0.105
DLR_15,PRT_0071,22,0.1
DLR_15,PRT_0072,42,0.081
DLR_15,PRT_0073,37,0.108
DLR_15,PRT_0074,44,0.095
DLR_15,PRT_0075,24,0.12
DLR_15,PRT_0076,32,0.102
DLR_15,PRT_0077,22,0.099
DLR_15,PRT_0078,49,0.098
DLR_15,PRT_0079,31,0.11
DLR_15,PRT_0080,21,0.089
DLR_15,PRT_0081,28,0.097
DLR_15,PRT_0082,13,0.095
DLR_15,PRT_0083,41,0.106
DLR_15,PRT_0084,29,0.083
DLR_15,PRT_0085,10,0.118
DLR_15,PRT_0086,9,0.106
DLR_15,PRT_0087,13,0.083
DLR_15,PRT_0088,43,0.114
DLR_15,PRT_0089,13,0.09
DLR_15,PRT_0090,38,0.118
DLR_15,PRT_0091,45,0.081
DLR_15,PRT_0092,36,0.085
DLR_15,PRT_0093,48,0.12
DLR_15,PRT_0094,17,0.12
DLR_15,PRT_0095,36,0.106
DLR_15,PRT_0096,36,0.107
DLR_15,PRT_0097,29,0.104
DLR_15,PRT_0098,17,0.107
DLR_15,PRT_0099,35,0.085
DLR_15,PRT_0100,18,0.102
DLR_16,PRT_0001,26,0.107
DLR_16,PRT_0002,41,0.092
DLR_16,PRT_0003,13,0.1
DLR_16,PRT_0004,19,0.109
DLR_16,PRT_0005,40,0.104
DLR_16,PRT_0006,38,0.105
DLR_16,PRT_0007,20,0.117
DLR_16,PRT_0008,27,0.083
DLR_16,PRT_0009,38,0.115
DLR_16,PRT_0010,12,0.11
DLR_16,PRT_0011,18,0.097
DLR_16,PRT_0012,21,0.081
DLR_16,PRT_0013,42,0.085
DLR_16,PRT_0014,26,0.1
DLR_16,PRT_0015,23,0.082
DLR_16,PRT_0016,30,0.097
DLR_16,PRT_0017,37,0.104
DLR_16,PRT_0018,21,0.083
DLR_16,PRT_0019,46,0.099
DLR_16,PRT_0020,28,0.08
DLR_16,PRT_0021,30,0.104
DLR_16,PRT_0022,24,0.105
DLR_16,PRT_0023,48,0.111
DLR_16,PRT_0024,23,0.092
DLR_16,PRT_0025,18,0.107
DLR_16,PRT_0026,40,0.11
DLR_16,PRT_0027,46,0.111
DLR_16,PRT_0028,18,0.118
DLR_16,PRT_0029,28,0.118
DLR_16,PRT_0030,37,0.091
DLR_16,PRT_0031,43,0.089
DLR_16,PRT_0032,11,0.116
DLR_16,PRT_0033,15,0.093
DLR_16,PRT_0034,50,0.104
DLR_16,PRT_0035,39,0.088
DLR_16,PRT_0036,24,0.119
DLR_16,PRT_0037,33,0.089
DLR_16,PRT_0038,28,0.12
DLR_16,PRT_0039,18,0.116
DLR_16,PRT_0040,47,0.116
DLR_16,PRT_0041,50,0.088
DLR_16,PRT_0042,10,0.104
DLR_16,PRT_0043,16,0.112
DLR_16,PRT_0044,45,0.092
DLR_16,PRT_0045,48,0.101
DLR_16,PRT_0046,27,0.102
DLR_16,PRT_0047,32,0.093
DLR_16,PRT_0048,35,0.118
DLR_16,PRT_0049,13,0.084
DLR_16,PRT_0050,5,0.093
DLR_16,PRT_0051,33,0.089
DLR_16,PRT_0052,15,0.1
DLR_16,PRT_0053,6,0.097
DLR_16,PRT_0054,23,0.118
DLR_16,PRT_0055,45,0.088
DLR_16,PRT_0056,49,0.103
DLR_16,PRT_0057,16,0.109
DLR_16,PRT_0058,11,0.105
DLR_16,PRT_0059,20,0.108
DLR_16,PRT_0060,7,0.106
DLR_16,PRT_0061,9,0.093
DLR_16,PRT_0062,34,0.107
DLR_16,PRT_0063,33,0.092
DLR_16,PRT_0064,48,0.11
DLR_16,PRT_0065,19,0.093
DLR_16,PRT_0066,20,0.105
DLR_16,PRT_0067,17,0.102
DLR_16,PRT_0068,26,0.111
DLR_16,PRT_0069,9,0.106
DLR_16,PRT_0070,41,0.1
DLR_16,PRT_0071,34,0.106
DLR_16,PRT_0072,39,0.098
DLR_16,PRT_0073,6,0.117
DLR_16,PRT_0074,13,0.115
DLR_16,PRT_0075,29,0.082
DLR_16,PRT_0076,27,0.108
DLR_16,PRT_0077,44,0.115
DLR_16,PRT_0078,40,0.115
DLR_16,PRT_0079,50,0.096
DLR_16,PRT_0080,18,0.112
DLR_16,PRT_0081,32,0.081
DLR_16,PRT_0082,13,0.105
DLR_16,PRT_0083,8,0.083
DLR_16,PRT_0084,22,0.105
DLR_16,PRT_0085,20,0.085
DLR_16,PRT_0086,30,0.101
DLR_16,PRT_0087,8,0.092
DLR_16,PRT_0088,37,0.12
DLR_16,PRT_0089,22,0.105
DLR_16,PRT_0090,37,0.116
DLR_16,PRT_0091,33,0.111
DLR_16,PRT_0092,25,0.11
DLR_16,PRT_0093,29,0.09
DLR_16,PRT_0094,13,0.095
DLR_16,PRT_0095,10,0.086
DLR_16,PRT_0096,20,0.096
DLR_16,PRT_0097,36,0.096
DLR_16,PRT_0098,21,0.113
DLR_16,PRT_0099,22,0.1
DLR_16,PRT_0100,27,0.085
DLR_17,PRT_0001,34,0.09
DLR_17,PRT_0002,11,0.089
DLR_17,PRT_0003,42,0.082
DLR_17,PRT_0004,23,0.116
DLR_17,PRT_0005,15,0.107
DLR_17,PRT_0006,7,0.113
DLR_17,PRT_0007,6,0.087
DLR_17,PRT_0008,26,0.112
DLR_17,PRT_0009,37,0.11
DLR_17,PRT_0010,17,0.111
DLR_17,PRT_0011,25,0.086
DLR_17,PRT_0012,38,0.088
DLR_17,PRT_0013,42,0.119
DLR_17,PRT_0014,31,0.085
DLR_17,PRT_0015,24,0.12
DLR_17,PRT_0016,35,0.108
DLR_17,PRT_0017,28,0.104
DLR_17,PRT_0018,35,0.108
DLR_17,PRT_0019,5,0.105
DLR_17,PRT_0020,50,0.093
DLR_17,PRT_0021,35,0.117
DLR_17,PRT_0022,6,0.102
DLR_17,PRT_0023,44,0.113
DLR_17,PRT_0024,49,0.117
DLR_17,PRT_0025,23,0.104
DLR_17,PRT_0026,16,0.089
DLR_17,PRT_0027,34,0.108
DLR_17,PRT_0028,47,0.116
DLR_17,PRT_0029,42,0.099
DLR_17,PRT_0030,37,0.082
DLR_17,PRT_0031,46,0.104
DLR_17,PRT_0032,45,0.087
DLR_17,PRT_0033,26,0.119
DLR_17,PRT_0034,10,0.091
DLR_17,PRT_0035,32,0.112
DLR_17,PRT_0036,40,0.086
DLR_17,PRT_0037,42,0.101
DLR_17,PRT_0038,32,0.1
DLR_17,PRT_0039,42,0.085
DLR_17,PRT_0040,21,0.093
DLR_17,PRT_0041,30,0.096
DLR_17,PRT_0042,35,0.091
DLR_17,PRT_0043,14,0.107
DLR_17,PRT_0044,6,0.093
DLR_17,PRT_0045,34,0.097
DLR_17,PRT_0046,25,0.103
DLR_17,PRT_0047,48,0.112
DLR_17,PRT_0048,19,0.098
DLR_17,PRT_0049,37,0.099
DLR_17,PRT_0050,38,0.105
DLR_17,PRT_0051,11,0.084
DLR_17,PRT_0052,38,0.119
DLR_17,PRT_0053,38,0.118
DLR_17,PRT_0054,31,0.092
DLR_17,PRT_0055,36,0.095
DLR_17,PRT_0056,7,0.105
DLR_17,PRT_0057,13,0.117
DLR_17,PRT_0058,15,0.114
DLR_17,PRT_0059,15,0.095
DLR_17,PRT_0060,35,0.107
DLR_17,PRT_0061,36,0.103
DLR_17,PRT_0062,37,0.113
DLR_17,PRT_0063,27,0.086
DLR_17,PRT_0064,7,0.113
DLR_17,PRT_0065,44,0.083
DLR_17,PRT_0066,44,0.112
DLR_17,PRT_0067,22,0.084
DLR_17,PRT_0068,28,0.091
DLR_17,PRT_0069,43,0.106
DLR_17,PRT_0070,31,0.109
DLR_17,PRT_0071,38,0.106
DLR_17,PRT_0072,43,0.103
DLR_17,PRT_0073,34,0.09
DLR_17,PRT_0074,14,0.093
DLR_17,PRT_0075,50,0.101
DLR_17,PRT_0076,7,0.106
DLR_17,PRT_0077,10,0.102
DLR_17,PRT_0078,43,0.102
DLR_17,PRT_0079,50,0.112
DLR_17,PRT_0080,10,0.094
DLR_17,PRT_0081,24,0.1
DLR_17,PRT_0082,19,0.09
DLR_17,PRT_0083,11,0.098
DLR_17,PRT_0084,33,0.096
DLR_17,PRT_0085,12,0.11
DLR_17,PRT_0086,25,0.09
DLR_17,PRT_0087,29,0.096
DLR_17,PRT_0088,7,0.086
DLR_17,PRT_0089,48,0.119
DLR_17,PRT_0090,44,0.094
DLR_17,PRT_0091,6,0.096
DLR_17,PRT_0092,37,0.119
DLR_17,PRT_0093,25,0.12
DLR_17,PRT_0094,39,0.096
DLR_17,PRT_0095,5,0.118
DLR_17,PRT_0096,30,0.104
DLR_17,PRT_0097,38,0.085
DLR_17,PRT_0098,37,0.101
DLR_17,PRT_0099,22,0.11
DLR_17,PRT_0100,49,0.11
DLR_18,PRT_0001,28,0.095
DLR_18,PRT_0002,41,0.106
DLR_18,PRT_0003,20,0.103
DLR_18,PRT_0004,20,0.118
DLR_18,PRT_0005,5,0.084
DLR_18,PRT_0006,7,0.118
DLR_18,PRT_0007,42,0.097
DLR_18,PRT_0008,28,0.108
DLR_18,PRT_0009,26,0.103
DLR_18,PRT_0010,16,0.095
DLR_18,PRT_0011,47,0.098
DLR_18,PRT_0012,7,0.117
DLR_18,PRT_0013,15,0.082
DLR_18,PRT_0014,41,0.104
DLR_18,PRT_0015,43,0.098
DLR_18,PRT_0016,26,0.082
DLR_18,PRT_0017,6,0.114
DLR_18,PRT_0018,43,0.105
DLR_18,PRT_0019,27,0.095
DLR_18,PRT_0020,49,0.113
DLR_18,PRT_0021,27,0.115
DLR_18,PRT_0022,33,0.09
DLR_18,PRT_0023,30,0.117
DLR_18,PRT_0024,36,0.118
DLR_18,PRT_0025,38,0.083
DLR_18,PRT_0026,48,0.094
DLR_18,PRT_0027,25,0.118
DLR_18,PRT_0028,50,0.105
DLR_18,PRT_0029,29,0.117
DLR_18,PRT_0030,31,0.101
DLR_18,PRT_0031,50,0.088
DLR_18,PRT_0032,15,0.118
DLR_18,PRT_0033,36,0.112
DLR_18,PRT_0034,8,0.098
DLR_18,PRT_0035,42,0.093
DLR_18,PRT_0036,38,0.08
DLR_18,PRT_0037,7,0.106
DLR_18,PRT_0038,18,0.109
DLR_18,PRT_0039,8,0.102
DLR_18,PRT_0040,31,0.087
DLR_18,PRT_0041,5,0.097
DLR_18,PRT_0042,13,0.096
DLR_18,PRT_0043,25,0.105
DLR_18,PRT_0044,47,0.092
DLR_18,PRT_0045,40,0.114
DLR_18,PRT_0046,23,0.104
DLR_18,PRT_0047,31,0.085
DLR_18,PRT_0048,26,0.101
DLR_18,PRT_0049,46,0.094
DLR_18,PRT_0050,44,0.097
DLR_18,PRT_0051,30,0.103
DLR_18,PRT_0052,5,0.113
DLR_18,PRT_0053,24,0.105
DLR_18,PRT_0054,16,0.097
DLR_18,PRT_0055,19,0.107
DLR_18,PRT_0056,13,0.118
DLR_18,PRT_0057,7,0.085
DLR_18,PRT_0058,23,0.082
DLR_18,PRT_0059,38,0.094
DLR_18,PRT_0060,37,0.116
DLR_18,PRT_0061,22,0.108
DLR_18,PRT_0062,10,0.085
DLR_18,PRT_0063,34,0.106
DLR_18,PRT_0064,12,0.081
DLR_18,PRT_0065,12,0.113
DLR_18,PRT_0066,25,0.117
DLR_18,PRT_0067,7,0.087
DLR_18,PRT_0068,29,0.094
DLR_18,PRT_0069,48,0.09
DLR_18,PRT_0070,36,0.093
DLR_18,PRT_0071,23,0.1
DLR_18,PRT_0072,36,0.089
DLR_18,PRT_0073,44,0.093
DLR_18,PRT_0074,40,0.083
DLR_18,PRT_0075,21,0.102
DLR_18,PRT_0076,15,0.113
DLR_18,PRT_0077,15,0.112
DLR_18,PRT_0078,40,0.099
DLR_18,PRT_0079,47,0.1
DLR_18,PRT_0080,29,0.099
DLR_18,PRT_0081,37,0.082
DLR_18,PRT_0082,20,0.11
DLR_18,PRT_0083,25,0.085
DLR_18,PRT_0084,21,0.088
DLR_18,PRT_0085,41,0.086
DLR_18,PRT_0086,43,0.105
DLR_18,PRT_0087,45,0.113
DLR_18,PRT_0088,37,0.087
DLR_18,PRT_0089,37,0.088
DLR_18,PRT_0090,24,0.095
DLR_18,PRT_0091,47,0.1
DLR_18,PRT_0092,17,0.099
DLR_18,PRT_0093,47,0.094
DLR_18,PRT_0094,38,0.096
DLR_18,PRT_0095,14,0.107
DLR_18,PRT_0096,33,0.101
DLR_18,PRT_0097,27,0.094
DLR_18,PRT_0098,38,0.099
DLR_18,PRT_0099,34,0.085
DLR_18,PRT_0100,40,0.104
DLR_19,PRT_0001,21,0.106
DLR_19,PRT_0002,15,0.093
DLR_19,PRT_0003,7,0.085
DLR_19,PRT_0004,46,0.113
DLR_19,PRT_0005,27,0.105
DLR_19,PRT_0006,32,0.091
DLR_19,PRT_0007,20,0.088
DLR_19,PRT_0008,23,0.102
DLR_19,PRT_0009,47,0.101
DLR_19,PRT_0010,50,0.08
DLR_19,PRT_0011,22,0.105
DLR_19,PRT_0012,8,0.102
DLR_19,PRT_0013,11,0.085
DLR_19,PRT_0014,16,0.08
DLR_19,PRT_0015,25,0.118
DLR_19,PRT_0016,28,0.101
DLR_19,PRT_0017,9,0.081
DLR_19,PRT_0018,35,0.092
DLR_19,PRT_0019,40,0.087
DLR_19,PRT_0020,19,0.115
DLR_19,PRT_0021,48,0.112
DLR_19,PRT_0022,23,0.095
DLR_19,PRT_0023,13,0.093
DLR_19,PRT_0024,44,0.087
DLR_19,PRT_0025,9,0.108
DLR_19,PRT_0026,13,0.09
DLR_19,PRT_0027,15,0.117
DLR_19,PRT_0028,32,0.093
DLR_19,PRT_0029,12,0.111
DLR_19,PRT_0030,37,0.118
DLR_19,PRT_0031,48,0.084
DLR_19,PRT_0032,15,0.104
DLR_19,PRT_0033,35,0.084
DLR_19,PRT_0034,47,0.109
DLR_19,PRT_0035,24,0.114
DLR_19,PRT_0036,47,0.097
DLR_19,PRT_0037,7,0.101
DLR_19,PRT_0038,23,0.081
DLR_19,PRT_0039,23,0.088
DLR_19,PRT_0040,23,0.086
DLR_19,PRT_0041,28,0.109
DLR_19,PRT_0042,37,0.086
DLR_19,PRT_0043,48,0.103
DLR_19,PRT_0044,47,0.084
DLR_19,PRT_0045,43,0.106
DLR_19,PRT_0046,43,0.104
DLR_19,PRT_0047,45,0.105
DLR_19,PRT_0048,37,0.104
DLR_19,PRT_0049,22,0.081
DLR_19,PRT_0050,35,0.1
DLR_19,PRT_0051,23,0.104
DLR_19,PRT_0052,41,0.097
DLR_19,PRT_0053,38,0.118
DLR_19,PRT_0054,39,0.085
DLR_19,PRT_0055,23,0.088
DLR_19,PRT_0056,33,0.097
DLR_19,PRT_0057,15,0.096
DLR_19,PRT_0058,29,0.111
DLR_19,PRT_0059,28,0.119
DLR_19,PRT_0060,22,0.115
DLR_19,PRT_0061,33,0.114
DLR_19,PRT_0062,14,0.085
DLR_19,PRT_0063,5,0.086
DLR_19,PRT_0064,45,0.099
DLR_19,PRT_0065,11,0.11
DLR_19,PRT_0066,10,0.108
DLR_19,PRT_0067,42,0.089
DLR_19,PRT_0068,15,0.083
DLR_19,PRT_0069,6,0.099
DLR_19,PRT_0070,23,0.095
DLR_19,PRT_0071,28,0.082
DLR_19,PRT_0072,8,0.113
DLR_19,PRT_0073,42,0.113
DLR_19,PRT_0074,30,0.09
DLR_19,PRT_0075,36,0.11
DLR_19,PRT_0076,45,0.083
DLR_19,PRT_0077,48,0.095
DLR_19,PRT_0078,26,0.095
DLR_19,PRT_0079,25,0.088
DLR_19,PRT_0080,46,0.088
DLR_19,PRT_0081,22,0.092
DLR_19,PRT_0082,49,0.095
DLR_19,PRT_0083,49,0.119
DLR_19,PRT_0084,35,0.106
DLR_19,PRT_0085,50,0.115
DLR_19,PRT_0086,31,0.114
DLR_19,PRT_0087,30,0.115
DLR_19,PRT_0088,6,0.1
DLR_19,PRT_0089,5,0.082
DLR_19,PRT_0090,26,0.085
DLR_19,PRT_0091,10,0.094
DLR_19,PRT_0092,10,0.097
DLR_19,PRT_0093,31,0.092
DLR_19,PRT_0094,42,0.114
DLR_19,PRT_0095,16,0.095
DLR_19,PRT_0096,17,0.09
DLR_19,PRT_0097,31,0.116
DLR_19,PRT_0098,43,0.084
DLR_19,PRT_0099,15,0.085
DLR_19,PRT_0100,17,0.085
DLR_20,PRT_0001,20,0.081
DLR_20,PRT_0002,10,0.115
DLR_20,PRT_0003,44,0.118
DLR_20,PRT_0004,36,0.115
DLR_20,PRT_0005,27,0.101
DLR_20,PRT_0006,41,0.115
DLR_20,PRT_0007,21,0.091
DLR_20,PRT_0008,16,0.098
DLR_20,PRT_0009,43,0.116
DLR_20,PRT_0010,13,0.098
DLR_20,PRT_0011,21,0.114
DLR_20,PRT_0012,12,0.097
DLR_20,PRT_0013,50,0.097
DLR_20,PRT_0014,26,0.1
DLR_20,PRT_0015,45,0.105
DLR_20,PRT_0016,21,0.101
DLR_20,PRT_0017,14,0.099
DLR_20,PRT_0018,5,0.115
DLR_20,PRT_0019,26,0.096
DLR_20,PRT_0020,37,0.102
DLR_20,PRT_0021,48,0.116
DLR_20,PRT_0022,14,0.095
DLR_20,PRT_0023,22,0.081
DLR_20,PRT_0024,31,0.12
DLR_20,PRT_0025,11,0.098
DLR_20,PRT_0026,23,0.113
DLR_20,PRT_0027,32,0.11
DLR_20,PRT_0028,16,0.114
DLR_20,PRT_0029,38,0.111
DLR_20,PRT_0030,45,0.09
DLR_20,PRT_0031,28,0.099
DLR_20,PRT_0032,21,0.095
DLR_20,PRT_0033,21,0.106
DLR_20,PRT_0034,31,0.104
DLR_20,PRT_0035,21,0.107
DLR_20,PRT_0036,39,0.105
DLR_20,PRT_0037,45,0.091
DLR_20,PRT_0038,29,0.1
DLR_20,PRT_0039,39,0.101
DLR_20,PRT_0040,21,0.116
DLR_20,PRT_0041,46,0.094
DLR_20,PRT_0042,43,0.092
DLR_20,PRT_0043,49,0.083
DLR_20,PRT_0044,25,0.09
DLR_20,PRT_0045,15,0.107
DLR_20,PRT_0046,25,0.118
DLR_20,PRT_0047,12,0.113
DLR_20,PRT_0048,26,0.114
DLR_20,PRT_0049,22,0.102
DLR_20,PRT_0050,23,0.119
DLR_20,PRT_0051,10,0.101
DLR_20,PRT_0052,8,0.095
DLR_20,PRT_0053,38,0.107
DLR_20,PRT_0054,43,0.086
DLR_20,PRT_0055,18,0.097
DLR_20,PRT_0056,28,0.119
DLR_20,PRT_0057,7,0.117
DLR_20,PRT_0058,34,0.081
DLR_20,PRT_0059,30,0.119
DLR_20,PRT_0060,44,0.115
DLR_20,PRT_0061,19,0.093
DLR_20,PRT_0062,49,0.11
DLR_20,PRT_0063,48,0.111
DLR_20,PRT_0064,9,0.111
DLR_20,PRT_0065,19,0.12
DLR_20,PRT_0066,20,0.107
DLR_20,PRT_0067,7,0.112
DLR_20,PRT_0068,39,0.101
DLR_20,PRT_0069,48,0.097
DLR_20,PRT_0070,29,0.103
DLR_20,PRT_0071,39,0.106
DLR_20,PRT_0072,18,0.097
DLR_20,PRT_0073,6,0.083
DLR_20,PRT_0074,36,0.09
DLR_20,PRT_0075,35,0.085
DLR_20,PRT_0076,11,0.115
DLR_20,PRT_0077,27,0.1
DLR_20,PRT_0078,13,0.097
DLR_20,PRT_0079,26,0.103
DLR_20,PRT_0080,20,0.1
DLR_20,PRT_0081,11,0.104
DLR_20,PRT_0082,7,0.108
DLR_20,PRT_0083,45,0.116
DLR_20,PRT_0084,41,0.103
DLR_20,PRT_0085,17,0.1
DLR_20,PRT_0086,18,0.116
DLR_20,PRT_0087,30,0.101
DLR_20,PRT_0088,44,0.105
DLR_20,PRT_0089,26,0.108
DLR_20,PRT_0090,40,0.082
DLR_20,PRT_0091,22,0.109
DLR_20,PRT_0092,12,0.103
DLR_20,PRT_0093,7,0.099
DLR_20,PRT_0094,10,0.083
DLR_20,PRT_0095,9,0.09
DLR_20,PRT_0096,6,0.114
DLR_20,PRT_0097,37,0.089
DLR_20,PRT_0098,9,0.114
DLR_20,PRT_0099,33,0.105
DLR_20,PRT_0100,13,0.112
