booking_id,dealer_id,requested_model,requested_variant,date_booked,status
BOK00000,DLR027,Baleno,MT,2025-10-17,Pending
BOK00001,DLR017,Brezza,AGS,2025-04-12,Confirmed
BOK00002,DLR029,Brezza,LXI,2025-02-21,Delivered
BOK00003,DLR011,Ertiga,LXI,2025-09-11,Confirmed
BOK00004,DLR009,Ertiga,Alpha,2025-08-28,Delivered
BOK00005,DLR003,Dzire,Delta,2025-10-05,Delivered
BOK00006,DLR016,Ignis,Delta,2025-03-26,Confirmed
BOK00007,DLR013,Ertiga,Sigma,2025-07-06,Confirmed
BOK00008,DLR028,Dzire,Alpha,2025-11-24,Delivered
BOK00009,DLR009,Baleno,MT,2025-11-03,Delivered
BOK00010,DLR010,Ertiga,Alpha,2025-04-03,Confirmed
BOK00011,DLR003,Ertiga,LXI,2025-04-22,Confirmed
BOK00012,DLR018,Baleno,Sigma,2025-09-03,Delivered
BOK00013,DLR029,Swift,MT,2025-05-19,Confirmed
BOK00014,DLR020,Grand Vitara,AGS,2025-11-07,Delivered
BOK00015,DLR002,Swift,MT,2025-02-11,Confirmed
BOK00016,DLR027,Baleno,AT,2025-12-16,Confirmed
BOK00017,DLR028,Alto,LXI,2025-12-23,Delivered
BOK00018,DLR013,Ertiga,Sigma,2025-11-27,Delivered
BOK00019,DLR007,Grand Vitara,Alpha,2025-09-13,Pending
BOK00020,DLR011,Grand Vitara,LXI,2025-05-24,Delivered
BOK00021,DLR015,Ignis,AT,2025-06-01,Confirmed
BOK00022,DLR021,Dzire,LXI,2025-11-17,Confirmed
BOK00023,DLR008,Grand Vitara,ZXI,2025-12-01,Delivered
BOK00024,DLR020,Grand Vitara,MT,2025-12-08,Pending
BOK00025,DLR003,Celerio,VXI,2025-11-07,Confirmed
BOK00026,DLR013,Dzire,MT,2025-04-22,Pending
BOK00027,DLR020,Brezza,LXI,2025-11-23,Delivered
BOK00028,DLR026,Grand Vitara,Alpha,2025-01-18,Delivered
BOK00029,DLR027,Alto,AGS,2025-02-14,Confirmed
BOK00030,DLR002,Swift,Delta,2025-12-12,Confirmed
BOK00031,DLR014,Baleno,ZXI,2025-02-26,Confirmed
BOK00032,DLR012,Dzire,Sigma,2025-04-28,Delivered
BOK00033,DLR013,Baleno,MT,2025-05-22,Pending
BOK00034,DLR005,Celerio,AGS,2025-08-19,Delivered
BOK00035,DLR003,Ertiga,LXI,2025-08-23,Pending
BOK00036,DLR022,Grand Vitara,MT,2025-11-02,Delivered
BOK00037,DLR011,Dzire,VXI,2025-12-09,Delivered
BOK00038,DLR006,Alto,AGS,2025-03-19,Delivered
BOK00039,DLR026,Dzire,Delta,2025-10-22,Pending
BOK00040,DLR023,Celerio,Sigma,2025-03-18,Confirmed
BOK00041,DLR025,Brezza,Sigma,2025-06-22,Confirmed
BOK00042,DLR003,Ertiga,AT,2025-05-09,Delivered
BOK00043,DLR025,Swift,AGS,2025-02-21,Confirmed
BOK00044,DLR022,Dzire,Sigma,2025-04-06,Pending
BOK00045,DLR011,Ignis,Delta,2025-11-08,Delivered
BOK00046,DLR010,Celerio,LXI,2025-01-26,Pending
BOK00047,DLR024,Ertiga,Sigma,2025-08-13,Confirmed
BOK00048,DLR002,Celerio,ZXI,2025-01-21,Pending
BOK00049,DLR022,Dzire,MT,2025-02-28,Confirmed
BOK00050,DLR012,Baleno,Delta,2025-09-02,Confirmed
BOK00051,DLR013,Celerio,VXI,2025-04-21,Pending
BOK00052,DLR028,Ertiga,VXI,2025-02-12,Delivered
BOK00053,DLR028,Dzire,Sigma,2025-09-03,Pending
BOK00054,DLR023,Dzire,Delta,2025-09-05,Confirmed
BOK00055,DLR012,Ertiga,AT,2025-03-07,Pending
BOK00056,DLR026,Ignis,AT,2025-02-02,Confirmed
BOK00057,DLR008,Celerio,VXI,2025-09-18,Pending
BOK00058,DLR008,Grand Vitara,ZXI,2025-08-26,Confirmed
BOK00059,DLR006,Grand Vitara,AT,2025-05-11,Pending
BOK00060,DLR026,Dzire,ZXI,2025-03-19,Pending
BOK00061,DLR014,Ignis,ZXI,2025-07-14,Pending
BOK00062,DLR030,Grand Vitara,LXI,2025-01-18,Confirmed
BOK00063,DLR030,Dzire,MT,2025-11-24,Delivered
BOK00064,DLR017,Grand Vitara,MT,2025-12-15,Pending
BOK00065,DLR022,Dzire,MT,2025-08-12,Confirmed
BOK00066,DLR006,Celerio,AT,2025-07-02,Confirmed
BOK00067,DLR001,Swift,AGS,2025-08-18,Delivered
BOK00068,DLR003,Baleno,Alpha,2025-03-27,Confirmed
BOK00069,DLR026,Alto,Delta,2025-03-05,Pending
BOK00070,DLR008,Baleno,Alpha,2025-05-04,Confirmed
BOK00071,DLR020,Ertiga,AGS,2025-12-14,Pending
BOK00072,DLR006,Dzire,AT,2025-11-08,Pending
BOK00073,DLR002,Ignis,Sigma,2025-04-02,Confirmed
BOK00074,DLR005,Alto,AGS,2025-02-25,Pending
BOK00075,DLR021,Swift,LXI,2025-07-03,Confirmed
BOK00076,DLR002,Grand Vitara,ZXI,2025-09-03,Confirmed
BOK00077,DLR020,Brezza,AGS,2025-12-03,Delivered
BOK00078,DLR011,Baleno,Alpha,2025-02-08,Confirmed
BOK00079,DLR010,Grand Vitara,VXI,2025-08-25,Delivered
BOK00080,DLR002,Grand Vitara,VXI,2025-03-09,Delivered
BOK00081,DLR024,Ertiga,AGS,2025-11-02,Confirmed
BOK00082,DLR010,Dzire,VXI,2025-06-15,Confirmed
BOK00083,DLR026,Dzire,LXI,2025-02-07,Pending
BOK00084,DLR025,Brezza,MT,2025-08-13,Confirmed
BOK00085,DLR010,Swift,Alpha,2025-03-03,Pending
BOK00086,DLR005,Celerio,AT,2025-09-09,Delivered
BOK00087,DLR030,Alto,AGS,2025-07-19,Pending
BOK00088,DLR008,Swift,Alpha,2025-04-01,Confirmed
BOK00089,DLR013,Dzire,Sigma,2025-10-28,Delivered
BOK00090,DLR010,Brezza,AT,2025-05-07,Delivered
BOK00091,DLR005,Baleno,Sigma,2025-12-15,Confirmed
BOK00092,DLR001,Dzire,Alpha,2025-10-27,Delivered
BOK00093,DLR015,Dzire,MT,2025-11-13,Pending
BOK00094,DLR005,Dzire,MT,2025-04-14,Pending
BOK00095,DLR029,Dzire,VXI,2025-01-13,Confirmed
BOK00096,DLR018,Alto,Alpha,2025-05-27,Pending
BOK00097,DLR019,Ertiga,AGS,2025-09-11,Confirmed
BOK00098,DLR007,Brezza,MT,2025-10-05,Pending
BOK00099,DLR001,Alto,AGS,2025-08-09,Delivered
BOK00100,DLR028,Baleno,AGS,2025-04-25,Delivered
BOK00101,DLR019,Dzire,AT,2025-05-23,Delivered
BOK00102,DLR003,Dzire,AGS,2025-10-21,Pending
BOK00103,DLR026,Swift,Sigma,2025-03-03,Pending
BOK00104,DLR024,Dzire,Delta,2025-12-13,Confirmed
BOK00105,DLR019,Dzire,AT,2025-02-23,Pending
BOK00106,DLR027,Swift,ZXI,2025-12-04,Delivered
BOK00107,DLR008,Brezza,LXI,2025-01-04,Confirmed
BOK00108,DLR022,Dzire,Delta,2025-10-13,Confirmed
BOK00109,DLR004,Celerio,Delta,2025-12-14,Delivered
BOK00110,DLR007,Ertiga,Sigma,2025-05-05,Confirmed
BOK00111,DLR012,Swift,LXI,2025-10-19,Confirmed
BOK00112,DLR028,Brezza,MT,2025-09-21,Confirmed
BOK00113,DLR009,Dzire,VXI,2025-11-08,Confirmed
BOK00114,DLR024,Grand Vitara,AT,2025-10-14,Delivered
BOK00115,DLR017,Grand Vitara,AGS,2025-09-07,Delivered
BOK00116,DLR014,Alto,LXI,2025-08-20,Delivered
BOK00117,DLR014,Swift,AGS,2025-01-08,Delivered
BOK00118,DLR011,Baleno,VXI,2025-06-20,Confirmed
BOK00119,DLR021,Dzire,LXI,2025-11-20,Delivered
BOK00120,DLR015,Swift,Alpha,2025-01-02,Pending
BOK00121,DLR021,Baleno,AGS,2025-08-25,Confirmed
BOK00122,DLR002,Brezza,AGS,2025-06-23,Delivered
BOK00123,DLR002,Grand Vitara,MT,2025-10-21,Confirmed
BOK00124,DLR011,Swift,ZXI,2025-11-03,Confirmed
BOK00125,DLR014,Dzire,MT,2025-10-05,Delivered
BOK00126,DLR027,Ertiga,Alpha,2025-08-26,Delivered
BOK00127,DLR005,Celerio,MT,2025-08-22,Delivered
BOK00128,DLR008,Grand Vitara,AT,2025-01-13,Confirmed
BOK00129,DLR013,Alto,AGS,2025-04-13,Pending
BOK00130,DLR002,Dzire,Delta,2025-12-15,Delivered
BOK00131,DLR026,Baleno,VXI,2025-07-28,Pending
BOK00132,DLR009,Grand Vitara,Alpha,2025-02-26,Delivered
BOK00133,DLR029,Ertiga,Alpha,2025-07-05,Pending
BOK00134,DLR003,Grand Vitara,Delta,2025-10-24,Delivered
BOK00135,DLR022,Celerio,LXI,2025-08-24,Confirmed
BOK00136,DLR021,Swift,Alpha,2025-12-08,Confirmed
BOK00137,DLR016,Ignis,Delta,2025-03-26,Delivered
BOK00138,DLR024,Alto,Alpha,2025-05-08,Pending
BOK00139,DLR023,Swift,Alpha,2025-05-12,Pending
BOK00140,DLR014,Alto,AGS,2025-03-21,Confirmed
BOK00141,DLR001,Grand Vitara,LXI,2025-11-04,Delivered
BOK00142,DLR013,Grand Vitara,Delta,2025-10-17,Pending
BOK00143,DLR021,Brezza,AGS,2025-11-18,Confirmed
BOK00144,DLR007,Celerio,LXI,2025-02-02,Confirmed
BOK00145,DLR029,Brezza,Sigma,2025-07-15,Confirmed
BOK00146,DLR004,Grand Vitara,VXI,2025-02-12,Confirmed
BOK00147,DLR002,Swift,Delta,2025-03-17,Pending
BOK00148,DLR024,Baleno,Sigma,2025-10-08,Confirmed
BOK00149,DLR009,Grand Vitara,ZXI,2025-09-07,Confirmed
BOK00150,DLR001,Grand Vitara,AT,2025-07-02,Confirmed
BOK00151,DLR012,Ignis,AT,2025-09-09,Confirmed
BOK00152,DLR012,Alto,Sigma,2025-04-03,Pending
BOK00153,DLR023,Celerio,Alpha,2025-07-25,Confirmed
BOK00154,DLR010,Dzire,Delta,2025-03-15,Delivered
BOK00155,DLR028,Celerio,AGS,2025-09-27,Delivered
BOK00156,DLR030,Swift,LXI,2025-07-04,Delivered
BOK00157,DLR002,Ertiga,VXI,2025-03-07,Confirmed
BOK00158,DLR028,Ignis,Alpha,2025-07-19,Delivered
BOK00159,DLR030,Celerio,LXI,2025-01-04,Delivered
BOK00160,DLR025,Baleno,ZXI,2025-07-19,Pending
BOK00161,DLR012,Brezza,LXI,2025-05-07,Confirmed
BOK00162,DLR025,Brezza,Sigma,2025-08-08,Pending
BOK00163,DLR004,Alto,AGS,2025-12-10,Pending
BOK00164,DLR013,Ertiga,VXI,2025-09-10,Confirmed
BOK00165,DLR019,Celerio,AT,2025-03-15,Pending
BOK00166,DLR010,Dzire,LXI,2025-12-14,Delivered
BOK00167,DLR012,Ertiga,Delta,2025-09-06,Pending
BOK00168,DLR022,Grand Vitara,Delta,2025-03-28,Confirmed
BOK00169,DLR006,Swift,Alpha,2025-09-18,Pending
BOK00170,DLR023,Celerio,Alpha,2025-12-09,Pending
BOK00171,DLR030,Ignis,ZXI,2025-05-14,Confirmed
BOK00172,DLR017,Celerio,Sigma,2025-11-25,Pending
BOK00173,DLR012,Brezza,Delta,2025-10-20,Pending
BOK00174,DLR015,Grand Vitara,AGS,2025-12-05,Pending
BOK00175,DLR010,Ertiga,VXI,2025-09-09,Pending
BOK00176,DLR013,Grand Vitara,VXI,2025-10-12,Pending
BOK00177,DLR001,Alto,AGS,2025-03-18,Delivered
BOK00178,DLR018,Ignis,LXI,2025-06-06,Delivered
BOK00179,DLR025,Brezza,LXI,2025-07-02,Confirmed
BOK00180,DLR017,Baleno,MT,2025-10-10,Pending
BOK00181,DLR008,Alto,Delta,2025-08-05,Delivered
BOK00182,DLR028,Ignis,ZXI,2025-07-07,Pending
BOK00183,DLR002,Ignis,MT,2025-06-02,Confirmed
BOK00184,DLR016,Brezza,ZXI,2025-09-06,Delivered
BOK00185,DLR001,Baleno,MT,2025-02-05,Pending
BOK00186,DLR003,Swift,AGS,2025-12-15,Pending
BOK00187,DLR004,Dzire,Sigma,2025-08-26,Delivered
BOK00188,DLR014,Swift,Sigma,2025-08-25,Pending
BOK00189,DLR005,Swift,Sigma,2025-08-10,Confirmed
BOK00190,DLR030,Celerio,VXI,2025-06-27,Pending
BOK00191,DLR030,Dzire,Delta,2025-11-10,Delivered
BOK00192,DLR022,Swift,AT,2025-02-16,Confirmed
BOK00193,DLR011,Dzire,AT,2025-07-04,Confirmed
BOK00194,DLR005,Baleno,Alpha,2025-10-06,Delivered
BOK00195,DLR029,Dzire,LXI,2025-09-16,Delivered
BOK00196,DLR009,Brezza,MT,2025-06-04,Confirmed
BOK00197,DLR003,Baleno,AGS,2025-06-23,Delivered
BOK00198,DLR004,Baleno,VXI,2025-07-03,Confirmed
BOK00199,DLR002,Ertiga,Sigma,2025-09-14,Delivered
BOK00200,DLR016,Baleno,AT,2025-04-15,Pending
BOK00201,DLR007,Swift,Alpha,2025-02-20,Pending
BOK00202,DLR008,Swift,Alpha,2025-10-23,Confirmed
BOK00203,DLR003,Ignis,Alpha,2025-06-24,Confirmed
BOK00204,DLR018,Dzire,MT,2025-07-23,Confirmed
BOK00205,DLR001,Grand Vitara,Delta,2025-03-24,Delivered
BOK00206,DLR028,Ignis,ZXI,2025-08-17,Pending
BOK00207,DLR016,Ertiga,Delta,2025-06-23,Delivered
BOK00208,DLR007,Alto,Alpha,2025-07-06,Pending
BOK00209,DLR013,Grand Vitara,AGS,2025-06-20,Confirmed
BOK00210,DLR010,Alto,VXI,2025-07-13,Delivered
BOK00211,DLR001,Ignis,VXI,2025-12-21,Delivered
BOK00212,DLR005,Celerio,LXI,2025-10-06,Confirmed
BOK00213,DLR012,Grand Vitara,AT,2025-08-11,Pending
BOK00214,DLR025,Brezza,VXI,2025-03-21,Pending
BOK00215,DLR025,Celerio,MT,2025-07-05,Confirmed
BOK00216,DLR021,Dzire,AGS,2025-01-11,Pending
BOK00217,DLR014,Ignis,AT,2025-06-06,Confirmed
BOK00218,DLR018,Ignis,Delta,2025-11-25,Confirmed
BOK00219,DLR002,Celerio,Sigma,2025-08-07,Pending
BOK00220,DLR006,Ertiga,AT,2025-12-19,Confirmed
BOK00221,DLR019,Baleno,Delta,2025-08-12,Confirmed
BOK00222,DLR029,Ignis,Sigma,2025-05-19,Confirmed
BOK00223,DLR003,Baleno,Alpha,2025-05-25,Confirmed
BOK00224,DLR006,Ertiga,Sigma,2025-02-02,Delivered
BOK00225,DLR019,Grand Vitara,Sigma,2025-01-13,Delivered
BOK00226,DLR024,Celerio,Sigma,2025-02-23,Pending
BOK00227,DLR003,Brezza,Sigma,2025-02-11,Pending
BOK00228,DLR030,Dzire,AT,2025-07-02,Pending
BOK00229,DLR025,Grand Vitara,VXI,2025-11-09,Confirmed
BOK00230,DLR008,Grand Vitara,MT,2025-08-19,Pending
BOK00231,DLR019,Swift,ZXI,2025-06-14,Pending
BOK00232,DLR007,Grand Vitara,VXI,2025-07-07,Pending
BOK00233,DLR015,Brezza,ZXI,2025-04-17,Pending
BOK00234,DLR030,Baleno,ZXI,2025-02-19,Pending
BOK00235,DLR007,Grand Vitara,Alpha,2025-10-03,Confirmed
BOK00236,DLR009,Ertiga,AT,2025-05-06,Delivered
BOK00237,DLR013,Swift,Delta,2025-01-19,Confirmed
BOK00238,DLR020,Ertiga,Delta,2025-03-12,Pending
BOK00239,DLR019,Ignis,ZXI,2025-03-11,Confirmed
BOK00240,DLR014,Alto,MT,2025-02-05,Delivered
BOK00241,DLR008,Baleno,ZXI,2025-10-06,Confirmed
BOK00242,DLR028,Alto,AT,2025-07-15,Delivered
BOK00243,DLR024,Swift,VXI,2025-05-14,Confirmed
BOK00244,DLR024,Dzire,MT,2025-05-04,Delivered
BOK00245,DLR030,Alto,AGS,2025-04-12,Confirmed
BOK00246,DLR016,Grand Vitara,Delta,2025-12-11,Confirmed
BOK00247,DLR010,Ignis,VXI,2025-12-04,Confirmed
BOK00248,DLR020,Dzire,Alpha,2025-04-08,Delivered
BOK00249,DLR011,Grand Vitara,LXI,2025-07-14,Confirmed
BOK00250,DLR024,Dzire,Alpha,2025-02-03,Delivered
BOK00251,DLR003,Ertiga,VXI,2025-04-06,Confirmed
BOK00252,DLR019,Baleno,VXI,2025-12-13,Pending
BOK00253,DLR009,Ertiga,AT,2025-09-12,Pending
BOK00254,DLR015,Celerio,ZXI,2025-01-14,Pending
BOK00255,DLR030,Dzire,Sigma,2025-03-25,Confirmed
BOK00256,DLR017,Baleno,Delta,2025-06-15,Pending
BOK00257,DLR029,Swift,VXI,2025-09-08,Delivered
BOK00258,DLR009,Swift,VXI,2025-01-08,Delivered
BOK00259,DLR011,Alto,AGS,2025-05-10,Confirmed
BOK00260,DLR019,Swift,VXI,2025-02-23,Confirmed
BOK00261,DLR019,Baleno,Delta,2025-09-21,Pending
BOK00262,DLR009,Ignis,Sigma,2025-06-20,Delivered
BOK00263,DLR007,Swift,LXI,2025-07-08,Pending
BOK00264,DLR006,Alto,ZXI,2025-05-20,Confirmed
BOK00265,DLR023,Alto,MT,2025-09-02,Pending
BOK00266,DLR016,Ignis,Sigma,2025-05-04,Pending
BOK00267,DLR005,Ignis,LXI,2025-02-23,Confirmed
BOK00268,DLR010,Swift,AGS,2025-11-09,Delivered
BOK00269,DLR024,Dzire,Sigma,2025-09-22,Pending
BOK00270,DLR017,Celerio,Alpha,2025-04-01,Delivered
BOK00271,DLR005,Baleno,AGS,2025-02-18,Confirmed
BOK00272,DLR009,Swift,Alpha,2025-01-01,Delivered
BOK00273,DLR021,Alto,LXI,2025-12-15,Confirmed
BOK00274,DLR015,Dzire,AGS,2025-12-15,Pending
BOK00275,DLR007,Brezza,MT,2025-10-25,Confirmed
BOK00276,DLR005,Alto,Sigma,2025-03-14,Delivered
BOK00277,DLR023,Ertiga,LXI,2025-10-09,Delivered
BOK00278,DLR025,Dzire,Alpha,2025-03-07,Pending
BOK00279,DLR001,Grand Vitara,Delta,2025-04-19,Delivered
BOK00280,DLR009,Swift,Sigma,2025-07-09,Pending
BOK00281,DLR027,Grand Vitara,ZXI,2025-03-07,Delivered
BOK00282,DLR002,Grand Vitara,MT,2025-03-03,Delivered
BOK00283,DLR027,Baleno,VXI,2025-10-21,Delivered
BOK00284,DLR010,Celerio,Sigma,2025-06-04,Confirmed
BOK00285,DLR012,Baleno,Delta,2025-05-08,Delivered
BOK00286,DLR010,Ignis,AGS,2025-04-10,Confirmed
BOK00287,DLR007,Celerio,MT,2025-03-15,Delivered
BOK00288,DLR021,Ignis,LXI,2025-08-17,Delivered
BOK00289,DLR007,Baleno,ZXI,2025-11-06,Delivered
BOK00290,DLR004,Celerio,ZXI,2025-01-03,Confirmed
BOK00291,DLR024,Dzire,AGS,2025-04-12,Delivered
BOK00292,DLR004,Ertiga,Alpha,2025-06-16,Confirmed
BOK00293,DLR024,Celerio,ZXI,2025-12-11,Pending
BOK00294,DLR003,Alto,AGS,2025-12-08,Pending
BOK00295,DLR009,Celerio,Alpha,2025-06-25,Delivered
BOK00296,DLR006,Grand Vitara,Alpha,2025-01-08,Pending
BOK00297,DLR015,Celerio,MT,2025-09-22,Delivered
BOK00298,DLR021,Dzire,AGS,2025-11-11,Confirmed
BOK00299,DLR027,Grand Vitara,VXI,2025-11-20,Confirmed
BOK00300,DLR030,Celerio,Sigma,2025-03-17,Delivered
BOK00301,DLR030,Swift,ZXI,2025-12-08,Pending
BOK00302,DLR001,Dzire,Alpha,2025-10-17,Confirmed
BOK00303,DLR030,Alto,AGS,2025-10-19,Delivered
BOK00304,DLR009,Swift,MT,2025-10-09,Delivered
BOK00305,DLR018,Alto,VXI,2025-05-18,Pending
BOK00306,DLR030,Dzire,AGS,2025-05-05,Pending
BOK00307,DLR028,Alto,Sigma,2025-03-23,Confirmed
BOK00308,DLR018,Baleno,ZXI,2025-02-17,Delivered
BOK00309,DLR004,Dzire,LXI,2025-04-22,Delivered
BOK00310,DLR028,Ignis,ZXI,2025-01-13,Delivered
BOK00311,DLR001,Brezza,ZXI,2025-02-20,Delivered
BOK00312,DLR007,Alto,ZXI,2025-03-07,Delivered
BOK00313,DLR004,Baleno,Alpha,2025-09-04,Delivered
BOK00314,DLR030,Ertiga,MT,2025-05-14,Pending
BOK00315,DLR018,Baleno,MT,2025-06-27,Pending
BOK00316,DLR022,Dzire,AGS,2025-01-26,Delivered
BOK00317,DLR016,Celerio,AGS,2025-03-07,Pending
BOK00318,DLR022,Dzire,LXI,2025-06-10,Confirmed
BOK00319,DLR024,Brezza,VXI,2025-09-04,Confirmed
BOK00320,DLR022,Ertiga,Sigma,2025-05-15,Confirmed
BOK00321,DLR017,Ertiga,AGS,2025-05-27,Pending
BOK00322,DLR027,Baleno,Delta,2025-08-03,Confirmed
BOK00323,DLR009,Baleno,AGS,2025-06-06,Pending
BOK00324,DLR019,Dzire,LXI,2025-11-02,Confirmed
BOK00325,DLR014,Grand Vitara,Alpha,2025-03-10,Delivered
BOK00326,DLR026,Ignis,AT,2025-12-12,Pending
BOK00327,DLR009,Baleno,ZXI,2025-10-08,Confirmed
BOK00328,DLR030,Grand Vitara,Delta,2025-12-28,Pending
BOK00329,DLR014,Ignis,Delta,2025-11-16,Confirmed
BOK00330,DLR022,Dzire,LXI,2025-09-17,Delivered
BOK00331,DLR001,Dzire,Alpha,2025-05-07,Confirmed
BOK00332,DLR008,Ignis,Delta,2025-04-22,Delivered
BOK00333,DLR004,Alto,MT,2025-03-14,Pending
BOK00334,DLR007,Swift,AT,2025-09-11,Confirmed
BOK00335,DLR003,Dzire,LXI,2025-07-06,Pending
BOK00336,DLR003,Grand Vitara,AGS,2025-07-04,Delivered
BOK00337,DLR001,Swift,LXI,2025-01-20,Delivered
BOK00338,DLR011,Baleno,Alpha,2025-07-08,Delivered
BOK00339,DLR006,Ertiga,VXI,2025-09-18,Confirmed
BOK00340,DLR019,Ertiga,LXI,2025-12-07,Delivered
BOK00341,DLR008,Brezza,ZXI,2025-01-04,Pending
BOK00342,DLR001,Swift,VXI,2025-10-24,Pending
BOK00343,DLR023,Ertiga,MT,2025-06-10,Delivered
BOK00344,DLR011,Ertiga,LXI,2025-03-15,Delivered
BOK00345,DLR021,Dzire,AGS,2025-04-19,Confirmed
BOK00346,DLR022,Brezza,AT,2025-06-07,Confirmed
BOK00347,DLR011,Swift,Sigma,2025-07-22,Confirmed
BOK00348,DLR013,Celerio,AGS,2025-08-05,Pending
BOK00349,DLR005,Ignis,AT,2025-02-21,Confirmed
BOK00350,DLR001,Ertiga,MT,2025-01-17,Pending
BOK00351,DLR026,Ignis,Delta,2025-10-23,Pending
BOK00352,DLR020,Celerio,AT,2025-05-05,Pending
BOK00353,DLR028,Brezza,MT,2025-08-18,Delivered
BOK00354,DLR021,Grand Vitara,AT,2025-07-02,Delivered
BOK00355,DLR020,Alto,MT,2025-05-05,Pending
BOK00356,DLR008,Swift,Delta,2025-03-09,Pending
BOK00357,DLR026,Alto,VXI,2025-09-20,Delivered
BOK00358,DLR028,Brezza,AT,2025-08-09,Delivered
BOK00359,DLR012,Swift,Sigma,2025-12-09,Delivered
BOK00360,DLR002,Celerio,VXI,2025-12-07,Pending
BOK00361,DLR017,Baleno,Delta,2025-12-04,Delivered
BOK00362,DLR002,Dzire,VXI,2025-04-26,Delivered
BOK00363,DLR007,Baleno,MT,2025-01-27,Pending
BOK00364,DLR016,Brezza,Alpha,2025-11-19,Pending
BOK00365,DLR018,Baleno,AT,2025-09-22,Delivered
BOK00366,DLR010,Grand Vitara,MT,2025-10-16,Pending
BOK00367,DLR029,Ignis,AT,2025-05-20,Pending
BOK00368,DLR014,Ignis,AGS,2025-11-17,Pending
BOK00369,DLR030,Ertiga,LXI,2025-12-08,Pending
BOK00370,DLR030,Brezza,Delta,2025-03-21,Pending
BOK00371,DLR001,Alto,Sigma,2025-07-14,Pending
BOK00372,DLR012,Brezza,AGS,2025-04-19,Delivered
BOK00373,DLR009,Dzire,AT,2025-09-28,Delivered
BOK00374,DLR018,Celerio,MT,2025-06-11,Delivered
BOK00375,DLR001,Grand Vitara,LXI,2025-05-15,Confirmed
BOK00376,DLR009,Swift,VXI,2025-05-24,Pending
BOK00377,DLR012,Ertiga,MT,2025-02-22,Pending
BOK00378,DLR024,Alto,AGS,2025-01-27,Delivered
BOK00379,DLR005,Ertiga,Delta,2025-03-26,Delivered
BOK00380,DLR009,Swift,MT,2025-06-11,Delivered
BOK00381,DLR005,Brezza,ZXI,2025-07-06,Confirmed
BOK00382,DLR027,Ertiga,MT,2025-04-27,Delivered
BOK00383,DLR011,Ignis,Sigma,2025-03-09,Pending
BOK00384,DLR030,Swift,AT,2025-02-19,Confirmed
BOK00385,DLR018,Ertiga,Delta,2025-08-24,Pending
BOK00386,DLR021,Swift,LXI,2025-05-17,Pending
BOK00387,DLR030,Alto,LXI,2025-03-17,Delivered
BOK00388,DLR006,Celerio,VXI,2025-05-13,Pending
BOK00389,DLR025,Baleno,Alpha,2025-10-12,Pending
BOK00390,DLR008,Baleno,LXI,2025-05-18,Delivered
BOK00391,DLR005,Grand Vitara,MT,2025-04-24,Confirmed
BOK00392,DLR028,Dzire,AT,2025-03-25,Confirmed
BOK00393,DLR011,Celerio,AT,2025-11-26,Delivered
BOK00394,DLR010,Dzire,AT,2025-01-21,Delivered
BOK00395,DLR017,Ertiga,AT,2025-04-09,Pending
BOK00396,DLR010,Alto,AT,2025-02-10,Pending
BOK00397,DLR011,Celerio,VXI,2025-06-28,Delivered
BOK00398,DLR017,Alto,AGS,2025-11-16,Confirmed
BOK00399,DLR014,Ignis,VXI,2025-06-18,Delivered
BOK00400,DLR020,Swift,LXI,2025-11-08,Pending
BOK00401,DLR012,Swift,AGS,2025-12-05,Confirmed
BOK00402,DLR018,Swift,MT,2025-11-21,Delivered
BOK00403,DLR013,Celerio,Delta,2025-04-21,Pending
BOK00404,DLR012,Dzire,LXI,2025-01-03,Pending
BOK00405,DLR002,Brezza,VXI,2025-11-11,Pending
BOK00406,DLR028,Brezza,Delta,2025-11-10,Confirmed
BOK00407,DLR017,Grand Vitara,MT,2025-10-12,Pending
BOK00408,DLR018,Ignis,VXI,2025-04-21,Confirmed
BOK00409,DLR004,Ignis,AGS,2025-01-15,Confirmed
BOK00410,DLR006,Brezza,Sigma,2025-02-28,Pending
BOK00411,DLR024,Ignis,AT,2025-07-15,Pending
BOK00412,DLR004,Grand Vitara,Alpha,2025-03-09,Delivered
BOK00413,DLR030,Brezza,Alpha,2025-11-28,Pending
BOK00414,DLR018,Celerio,AGS,2025-02-08,Delivered
BOK00415,DLR018,Dzire,AT,2025-12-04,Pending
BOK00416,DLR017,Celerio,AT,2025-12-10,Pending
BOK00417,DLR025,Swift,ZXI,2025-01-10,Pending
BOK00418,DLR002,Grand Vitara,AT,2025-01-17,Delivered
BOK00419,DLR023,Brezza,ZXI,2025-01-07,Pending
BOK00420,DLR008,Alto,MT,2025-06-15,Confirmed
BOK00421,DLR029,Celerio,VXI,2025-03-28,Delivered
BOK00422,DLR025,Celerio,MT,2025-05-12,Confirmed
BOK00423,DLR020,Grand Vitara,ZXI,2025-09-10,Pending
BOK00424,DLR011,Grand Vitara,VXI,2025-01-05,Delivered
BOK00425,DLR012,Dzire,LXI,2025-09-16,Delivered
BOK00426,DLR022,Brezza,AT,2025-07-14,Confirmed
BOK00427,DLR017,Baleno,ZXI,2025-07-14,Pending
BOK00428,DLR025,Ertiga,ZXI,2025-04-19,Delivered
BOK00429,DLR002,Ignis,MT,2025-02-13,Delivered
BOK00430,DLR023,Alto,AT,2025-08-19,Delivered
BOK00431,DLR011,Grand Vitara,Delta,2025-01-07,Delivered
BOK00432,DLR016,Brezza,Sigma,2025-02-01,Confirmed
BOK00433,DLR005,Alto,Sigma,2025-08-18,Pending
BOK00434,DLR025,Dzire,AGS,2025-12-15,Delivered
BOK00435,DLR006,Alto,VXI,2025-09-06,Confirmed
BOK00436,DLR007,Swift,Alpha,2025-11-11,Pending
BOK00437,DLR016,Alto,Sigma,2025-12-05,Pending
BOK00438,DLR021,Baleno,AT,2025-03-18,Confirmed
BOK00439,DLR021,Alto,MT,2025-03-28,Pending
BOK00440,DLR003,Brezza,Alpha,2025-10-03,Pending
BOK00441,DLR023,Grand Vitara,Sigma,2025-11-26,Confirmed
BOK00442,DLR008,Ignis,LXI,2025-04-08,Pending
BOK00443,DLR005,Dzire,ZXI,2025-08-16,Delivered
BOK00444,DLR030,Ertiga,LXI,2025-05-22,Delivered
BOK00445,DLR007,Swift,AT,2025-02-15,Confirmed
BOK00446,DLR005,Swift,ZXI,2025-06-25,Delivered
BOK00447,DLR018,Grand Vitara,LXI,2025-07-07,Delivered
BOK00448,DLR007,Alto,AGS,2025-02-21,Confirmed
BOK00449,DLR017,Dzire,Delta,2025-04-15,Delivered
BOK00450,DLR009,Ignis,Alpha,2025-08-28,Delivered
BOK00451,DLR007,Ignis,ZXI,2025-11-10,Confirmed
BOK00452,DLR002,Swift,Alpha,2025-01-15,Confirmed
BOK00453,DLR017,Dzire,Delta,2025-10-17,Pending
BOK00454,DLR018,Brezza,MT,2025-03-17,Confirmed
BOK00455,DLR028,Grand Vitara,Delta,2025-06-24,Confirmed
BOK00456,DLR018,Grand Vitara,Alpha,2025-07-11,Confirmed
BOK00457,DLR001,Celerio,AGS,2025-01-15,Delivered
BOK00458,DLR001,Swift,AT,2025-10-11,Confirmed
BOK00459,DLR015,Brezza,VXI,2025-02-02,Pending
BOK00460,DLR022,Ignis,LXI,2025-02-28,Delivered
BOK00461,DLR013,Baleno,Delta,2025-06-04,Confirmed
BOK00462,DLR016,Alto,Sigma,2025-11-17,Delivered
BOK00463,DLR012,Swift,VXI,2025-05-25,Delivered
BOK00464,DLR001,Brezza,LXI,2025-02-19,Confirmed
BOK00465,DLR021,Swift,VXI,2025-04-16,Confirmed
BOK00466,DLR019,Baleno,LXI,2025-06-11,Delivered
BOK00467,DLR001,Dzire,ZXI,2025-10-09,Pending
BOK00468,DLR022,Ignis,AGS,2025-05-10,Confirmed
BOK00469,DLR003,Grand Vitara,Sigma,2025-03-28,Confirmed
BOK00470,DLR002,Baleno,Delta,2025-02-10,Pending
BOK00471,DLR006,Baleno,VXI,2025-08-23,Confirmed
BOK00472,DLR002,Alto,Sigma,2025-05-01,Delivered
BOK00473,DLR030,Brezza,AGS,2025-09-10,Delivered
BOK00474,DLR006,Baleno,AGS,2025-08-12,Confirmed
BOK00475,DLR017,Ignis,Delta,2025-04-25,Pending
BOK00476,DLR018,Ertiga,ZXI,2025-02-04,Delivered
BOK00477,DLR016,Brezza,LXI,2025-12-06,Delivered
BOK00478,DLR022,Brezza,ZXI,2025-08-28,Confirmed
BOK00479,DLR006,Alto,LXI,2025-12-17,Delivered
BOK00480,DLR025,Celerio,VXI,2025-05-13,Pending
BOK00481,DLR016,Celerio,AGS,2025-08-16,Delivered
BOK00482,DLR020,Ignis,MT,2025-08-02,Delivered
BOK00483,DLR014,Grand Vitara,AGS,2025-02-27,Confirmed
BOK00484,DLR003,Brezza,Delta,2025-10-28,Pending
BOK00485,DLR014,Celerio,AT,2025-08-28,Delivered
BOK00486,DLR009,Celerio,ZXI,2025-09-13,Pending
BOK00487,DLR012,Celerio,Alpha,2025-02-19,Confirmed
BOK00488,DLR002,Alto,ZXI,2025-11-22,Pending
BOK00489,DLR018,Baleno,LXI,2025-04-21,Delivered
BOK00490,DLR014,Ignis,AGS,2025-02-24,Delivered
BOK00491,DLR008,Brezza,AT,2025-03-05,Pending
BOK00492,DLR012,Celerio,ZXI,2025-01-19,Confirmed
BOK00493,DLR001,Alto,MT,2025-03-18,Delivered
BOK00494,DLR003,Dzire,AT,2025-04-28,Confirmed
BOK00495,DLR022,Alto,Delta,2025-09-16,Delivered
BOK00496,DLR003,Baleno,Sigma,2025-06-28,Confirmed
BOK00497,DLR013,Baleno,Delta,2025-04-26,Pending
BOK00498,DLR012,Dzire,Sigma,2025-08-17,Pending
BOK00499,DLR022,Brezza,Sigma,2025-02-05,Pending
